uid,name
U4INQZOPSUaj8hMjLlZ3KA,Michael
5G1LLdZNxwswR1TjMfiMig,Iatemontreal
6s-g2vFu12OemhiK3FJuOQ,Dave
CY9iLsE2z_yLhLqJdD1WGw,Anthony
gI8J0bK37cXpdrOb8wK_Ew,Aaron
FzT-ujff-c11Wa_WdItwig,Amy
AX7PN-tAH5vUO5KRbKEVZQ,Matthieu
fgkJ6KUlrmbKyLDQervxsw,Bailey
vNToltF1f4NLPRNHH4DEbg,Sam
3cBVCNsm273EJ_GM4FVvJg,Humberto
6MM9Yqn7UBM8tmpSHQHAAg,Marie-Pier
VspYKWl6zVM4zQL9DWLqxA,Clay
zT9WFNJXeQZBA-WJMsV4Zw,Luke
JnPIjvC0cmooNDfsa9BmXg,Kat
0tf14Cq5NU3PBINpEDXZdQ,Sara
WCHArapR0ZhduJElR9axjA,Farin
iAevEfcmtCr2cpd6IRqnTA,Holly
wZPizeBxMAyOSl0M0zuCjg,Jess
kwjfwrE4Qs6ZblePxNeQcQ,Temenah
TwC9BUdIZ6KoqoQeL0RyKw,Jasten
hOanhLERJDJoiO39c4tPKg,Jenn
GL9vbvSBR_CymWZ9EvY3Lg,Dana
u0LXt3Uea_GidxRW1xcsfg,Julia
jfUTkA8sIhiw5ahn9-9HPg,Vanessa
YVaONBBT9lSJQwBPWCB0qQ,Ann
cqgjW23FJyu5kFlRDN1CpQ,Rawan
LQG9wFTmscbAATp8QWj1hg,Kathy
sm6AzP6HSQhI9j9V_oiPWA,Ocee
YztPBAV6L8e0Te_3_Q-PGQ,Steve
6GN1-lN562HbUOBN51AeYQ,Frédéric
qTcese4apYSlYZpSZyj6NA,Marlena
cBIkLz-J_qyKAtFCZy9dUw,Annie
yK6wyLZ2I66B5-MJcS88xg,Nick
RMopAcH2eoiOuPkStfg_YQ,Lara
xRBnIhqYTJZcEA4-wuZ4uA,Dan
Wc5L6iuvSNF5WGBlqIO8nw,Risa
09mlR7BwKg_eLODpazevng,Kristen
M9rRM6Eo5YbKLKMG5QiIPA,Aileen
IuEb-wEFXIGSSH1ctOSX3w,Melissa
wregZkyJ3efquMrnrgqGQw,Jennifer
UsmTxWbobLsI6WR1Db0W7A,Joe
jXdnU8ONRIHVzhmDBvlmOQ,Ali
BnywXOmsaeNYIKJQWaQIlQ,Sharon
2VKVhy1SwaixHCeiWglLUQ,Marie
SoiacX2r2mvHqIh3GgRMUw,Viri
uZ4z-4ftg7LbGR_blmZTow,Jade
N8M8KBiVwRRwY8DsjPVIvg,Alberto
2ayX1ftLcD59yNwA3awmpA,Blayr
Ynh5YbifcFvaJRJksiF81A,Jennifer
lLF9x4I41LFFKa_FX-lkbQ,Jedsada
lzQLHoJdaMNwiNt76wrc4g,Joe
OoDMQ4YIjQehunbKBEux4Q,Joe
SVC0CajvmYfH5uAq4JnGvg,Cail
4YDE_B5VWhCa8sbkUmEkVg,Katherine
Vsq-BSn4GugVWtsnL6iodw,Tim
l0jejmRcICSPYudZ8wEYmQ,Raphael
2AZaPPRAWhDDO7k-jlpfwg,Chris
CFB9glegliFCT7dJxdLNsA,Jawad
oeFiWvoOG0hpMOXXxblfyQ,Coty
cTUIAR6lZDp91McnHz8RKw,Adam
XZfv70IsujPrIMGKeL9kdw,Vanessa
61AymMi8D4RTQ2aa1w41ew,Jennifer
mFwRTTDW0Yr-rFkTF2cFsw,Mike
LrsX8ioOG6GEIHfsXI_9GA,Sarah
tH0uKD-vNwMoEc3Xk3Cbdg,Cathy
PNSPNmEp_ro9tX6AuLBwBA,Veeats
YP5hNfCZruMdByn6Ah6XpQ,Ari
g-y4Me4bqDz8jwFzX_e17w,Norine
6tbXpUIU6upoeqWNDo9k_A,Ken
laFwsknjneH2QoGeLbemTw,Didier
pvwEROiu2kfTqyp6cG2HIA,Jahaira
VkWUgLZkholyRWagwDpgHw,WhiteFeather
cfBZdumy0jx3hYgKst3w4Q,Elizabeth
4ULUWqda23gUl_VylJ2OAw,Vanessa
giJKPZbmZofGMS3f4vl5mg,Jenteel
ELcQDlf69kb-ihJfxZyL0A,Brad
Go006PCN18nVAAQ8fjHBiA,Jocelyn
i6w1V5iPWdYKVPnZLOeLkA,Lisette
djP46l4v0TQTqhLa-ZB1xw,Gee
HyAAsCY79JtNBjjU7pn_dQ,Meri
iBYfTfQCZs7UTvJ9X2VXew,Patricia
r6zCA77Y1BIa-bt_FT-5fQ,S.
G422ejyfziG2xOtqgyKDWg,Didier
JLdxmsngE7cjrwNT7zqgyQ,Clare
bs_FiiqQNyUg6Fh_WqyLyQ,Brandon
1JxVvMkDcFLQfupnsqWKKA,Jonathan
CfuRf-DIM5hh-HrFKpewaQ,Samiha
2f0z22RLYES9HpR4gp6lhw,Chris
hTZb1INhnCG8URaFywVoYQ,Alina
x2rtzRsNrJtnKLwUa9dp1g,Mary
41kMyI1BfOTyIIAenUSaTQ,D'Arcy
rm92EiaA7h5lLbAK5dJKcw,Kevin
7PVY7A7Top7ButcfLkTJTA,Kendall
buExMKd4mSaP_9awgqfgHw,Anna
D0E-lGF7zXUJjFJEgUePsQ,Alexandra
J9lhDNOKoioV_qXeZvUpeA,Brune
A9RKvWz-as6hzSKS_xwVrw,Anh
ZjluCW8S2AIIfRvIeHgdxg,John
u1_OF0lkoU274x6yhsXIyQ,Sean
wffnrXJoLppOlvNOZKU70A,Tamara
CrOLsMfZmPaMviu2bxg4Aw,Allie
XvLC9TbhXYiMIGArwJZTlw,Lulu
bZulaajLvMzYFvb604pugQ,Marc
8MlBmpm6S2nxeQ5eCgl3rA,Andrew
HJj82f-csBI7jjgenwqhvw,Paul
HfP1HVRlpfO0gcfJ3NJApA,Shubana
RoJCMSycQZGEefAh8-OHJg,Veronika
UDFIZXP0kOb2xKoYToTS6w,Julia
5-ni6jRdBKI4I6ZVMpMIxQ,O'Zandra
MD-QMO8zcqd584wcpzo9sg,Simon
aNfG4yqETNKXNQgc2qTToA,Doris
Q81VIcKug3Rbw7eQ1A835w,Christine
H3VsV3rm86qipND8Vj56Mw,Stephen
UgAl1BXZjJWUAdvVixwhew,Eden
mIysRk_cJ5K_BMZ-r06TFw,Pierre Trudeau
RylA6VZUTRuMGBu4nHKbCw,Ben
A7YlcidsiAZzU-tCSsrTSg,Anny
x_RnrZm7bfS4U31Bz_1jIA,Ashley
owlUazXSDLaxlOV7z8181g,Greg
7V29xzsIxlHfdcHsnpHB3Q,Big
j6Kv_wLQzZMWobLIyijX3A,John
KBh4r16e9Grc1HI9pG4wTg,Rainie
HBGPBZoQ3rS-mUUWaW6Ruw,Keilon
_4NHePAXLhcloTD04wqpqw,Jason
o9XzWtzTuV2X9fyYevXmkw,Audrey
j58hmvZSFl77g5m1TXIj5w,Luc
-kQkrKDXs12XiXVz18Bvxg,Kat
zL-y2UwwhlPf7VK8Bhevrw,Rob
vHaxYeTciV7IbPFu2uBjiw,Clark
yBbhNiEwzSf8T8xWvfTLhA,Anatoli
Z9EO5CL6sOA1Ct9SlHWU_g,Mohammad
65mtqTog-6ja32QG34KiGg,Monica
es15UP55rfli8OTgYr7cZA,Mary
Jx3dP4kkKonDSrWCRH_oMw,Laura
MZyMY-nW2ChwIs7ZhELOTQ,Wayne
OOhrFCqdskytAZqiwjx-Xw,Irene
Tb-JkeFvX9krPI3kCYtCnQ,Tracy
QNoV3zbwNDYm4O9R9Aua3w,Adam
nptaypYVM2RVTgm0uuCzeA,Henry
hnPTPyh6wNfZe1GxOm21Gg,Desiree
8B3hGCIDhKlK34EdDQUKEA,Ellen
EaBKe-8LB-NHuH7Us-QhGw,Vincent
Kchj2U3yTo1hOZoiOkcErA,Tom
KcFMI-hsr2Em7whfI4OM5g,Katya
EJkxYot--rMncS2qc26Pdg,Jennifer
KBHTIaz-OdXukREefkP4qg,Gabrielle
XeHoaj7ux-OJwsTVZ3AMPw,Jen
VdVb5Eipk1B5uupaC3J_0Q,Merlyn
GpULAQqNdCCpZG0Ly6-5gA,Judy
Q4Dcsdke_u6Rt01MWCy1GQ,Amanda
m5b84-nPPVNLlDtZyVGZ3w,Amelia
_iX2q6GKxrYVrcGpEYwUWw,Heather
JMP9JY5JV2HfWn8ClTBb6A,Matthew
augJQotyLB503iq1gVJ_tg,Coy
f_evBImeOZavf8kSiabPtA,Laura
AOQ0yHh-QGTX6H3bgFR16A,Happy
sKVpHfhkG_Nvgf_Vfb91Cg,Janine
KLYgDnsQcZeIGPrTEFI6uQ,Lee
rtQ5gKz8982aja96EUMooQ,Andrea
2av488ePvb-Z4qgeNDpWCg,Emilie
dhPp4t9_fD0R0eNsp_gYZw,Mike
UBnmI0Ee3wPF2SmDCVKk8w,Amber
oRtFHQya_MgpWjlLIRjM1w,Julien
N0qq4upibIRvLzE2SzVPtQ,Jennifer
P0J2H0XoJmcPzdwtJUHLcQ,Sadia
0xFHu8VFU52uBeir82ep8g,Lily
U1vl4SQzO3wTAWlYVnSjnw,Justine
FcufsSaz59BJtNv3ibL10A,Sharm
IEQjRwcXUJQ4J-x4H6Nfsg,Michelle
kK-NklR8rOBsdBXL4oJLZg,Nhung
jdNV7yIEwlGweC5VbLMczQ,Stephanie
Zoec9wehLFa8CV1JnCCVug,Dessi
4ayVX0YKY3GSP2IICpLJXQ,Priscilla
Ctrp5IoEKHkixDSIyYHDpw,Nick
MydYq5iMmRNVNk4K-GnXgA,JC
UUDLRXsJvRsOn0PY_AU_tw,Fannie
ALwGPgaD29rP6WBvWvT3tg,R
YOmyzxTFYULhTCHdDgWQRA,Cathy Yuqi
EFfQZFfWWlxZ4ckTJdBLtQ,Bernadette
HhYUDP1vR7CSRi2cvfai0Q,Jacqueline
3zFI27d75gyRrB830JX6NA,Neil
qQN5WDFijhsD--Z3NpEJWQ,Shah
Myy-tV1aKksxkQ2R7QUkAQ,Kwoky
Dy_RhvtedHyYcP3mK5ZKtA,Sean
BwpJ_b_cUX4XB71J4wm3qA,Briana
8NmE-WNUMtqzBlbPVuDOcg,Jason
KYV3TpJiJB2LGN9umfmsHg,Shirley
8ptxwJ0c2pY0aQ6PqSBUBQ,Benoit
DIuAt2B5lx8Gqj1d529haQ,Mikhail
FFFeLM5rk29RZn6FmGlHYQ,Geraldine
82vSXGC55BOPssPCs5ea4w,Chantal
orm1w73VdrYAEvYc-xCnrg,Sarish
dEDId4Rp2JpblIfYIoH00w,Diana
fBds1I32xbuF0oT3bLwtlg,Mrs
r5ggPC6OccLk6dDl5yqsJQ,Chris
-hKniZN2OdshWLHYuj21jQ,Nicole
Zx5_M5JxqEy83RXdCQ3i7Q,Catherine
nHjRBSbzPeqdq5_D3AirEg,Patricia
aU6Mq536aI1r_BunJE-V2w,Minh
ol6v1oKA62i-eBrO2UbVZg,Maria
CqaIzLiWaa-lMFYBAsYQxw,Coline
mY3NA8f6H0-i38SOjxyhFg,Dan
pEzb9RfmnD2zn5wUPpdmzg,Sarah
qZeX1ZZkN7DXk10keuGOhg,Sevann
vU7fP7uAWF3os-7woIQAXw,Felix
bcalCCwEIM3FVhx7amRawQ,Nesrine
vDKJJVVwV-cuFz69jYEB1Q,Diana
Tsm8VraTp5OGyVALtUiCeQ,Monica
52DUFbMTQ7BFTm5HlLgItw,Nathalie
-0jQI-Ru2BAJsGsGcFglPw,chelsea
seR0RklSV0nbfXv31LtSxg,Stéphanie
QC4iwAt4o1SnLua_NEo3uA,C
kMXPkvGLJBLgkZVLPQmSlw,Marianne
mW-GEavECfVezN8qXnQSZg,Jamila
FJ2yu9Pf5LIYcncoRKyzFQ,Lu
oW9PoxLCSMwZ6EEjKuPNjw,Aimee
LqywrHdM-H8gSdKtGrhBuw,Andre
GGI39_EL1ERSqyWX1tEjMA,Shubhi
U95wccXN_J8JwA5Ktlu8tw,Amber
1Z8g8lyU6ILsItOKJmJmxQ,Suzanne
ujOwZo999jM6bhkSXOX61w,Uyen
oGQnKOBNrwERM-MLLfpyGA,Ray
eSc8pCT0H1ThVV89dfq6Qw,Mark
URPjW8ckLuLDLR02uuLpTg,Ken
zgo6ehbfeMOcsG9bgofMNg,Amy
CQ67NJigSe5-uBDX3b_CUw,Michael
9P8-9EUP-aEnuisqUYt5jQ,Kathy
v-la4w7HRYw62-bEKskKPg,Diane
6E9mEWTpIoslMYf_WxXI8g,Steve
fgMm10gARSTZi9JB_UVHiA,Lisa
Aq1mWb2K3b-Rpko5HG5TSw,Scott
WyoiYXxSJdx26_0c_yVLZw,Sylvie
cUKuQRcr7Ln6GwDZrRHdwg,Jacynthe
PGn2x3GNhIqlfqz2CM4NUg,Joalin
HpzMECWPO4H1fJihiMG1Pg,Lanyi
ePWsbOWDTJcgIus-BFuKpg,Lon
Pzft5lIw1gBKyGFVHubwnw,Songyi
HFxugTIOR39cB8hBWDDyHQ,Kevin
ppUS3G3bVNNqvjAKsi1BbA,Jinny
GlEhxPlaofxOOvcf-5guvw,Cindy
1V7883W5i_F3mptabTXFIw,Sarah
oiiiF9oC2R_JCtiqZUwlTQ,Chris
OYDSedW9xShZMU2A0y73dQ,Christine
yML2P1evj7FrLncIgaFzHw,Leesa-Catherine
cB4YGv6Yg3IYXAIjwpdl1Q,Benoit
1y2dLZg2l3dtLc1nzU2qzg,Seth
aOPijKnBFUBCFEwZQ2BIBA,Loïza
m7zhLQyIiaDR1Q9r__rp6Q,Alicia
9fe41Vmw245Eho1PghHHKw,Amy
mLEf9N7KTAtAVns5YKFOTw,Nathalie
oJegBeUvDYYFEEgZ26qWPA,Evy
a6edJQpI-MEg-OUTKDp3HA,Allen
XOgqs74hkbXT54mSp7JMRA,Natalie
dPw3YdhvbdY7wVL6N_Y6yw,Carmel
v4fT6mIxgjho_CLR2wiXvg,Shelley
fi38ETFUNBBndrkKqLqUtA,Tina
3AxAep0OMmy_LgidsYMdog,Rosemary Silu
8V6klkcahF59lBHCA-MnhQ,Shar
FRvI9WRrw6IxD6xpjEbNAw,Dann
F1CxK5sx7Wp1Zi3qgPjHUQ,Kimberley
3vGiPNH4yCAj88-kfdvbjw,Noha
cF1oFZ2cl1xpQIsq-yA4mQ,Aretha
2eN4NRcL3b3mTqGktCpysg,J. Karim
3kQsPgVgGkJ_FjCSXkWxzw,Jonathan
X-_KbWOstBeSLw6rm9S56Q,Narendgie
emClTWXE_ou1_RJ5PHIAUQ,Iris
kxz6Q2AERQeo9x6nnbHZNg,Vivian
izdAXYjPdwaztxuT6C7GvQ,Jane
RVagGrcHdy1HB7-_c9ywZQ,Stephanie
dEp7BNFhnjaMYWcJ_KqsyQ,Natasha
bds7VxgVm0e6Pu5RuVV-wg,Thea
Gdyzk0Bq4CMsp8onOsdsdA,Serge
JbIgJ46QTSQUmtX6l07ZDg,Stephanie
7kfJk_NtOslC9jPk2Koz3g,Yvonne
qf8XJfSvQWnwAs-4ugZ7-g,Al
W790dqDNU4dlvcLptdksSw,Baldo
0jpDYapKybow2VeWud8nuA,Adam
oV6h4n33PBH0cs5M3FIuKg,Sandy
NwPnvTALYMNZgdiwHHkuAQ,Art
85Jq6l707HWj2XpFw7qPGg,Gaby
oIgnbSgc6YpYjM3dZKH0Ww,Alain
ENSYT8atZM8gus_xXDzzJQ,Emily
AIJMhq-NUF9VZEnGbdWhHA,Yashy
eqbcTJOhH0G13by8wG-YXg,Rosa
6mSczadyhSs6d6V2AS_x7g,Jon
-XgVXGJnOnW0kQEol6O3Pg,Crystel
Dn8PSKgNszrWjyfu6l9NOw,Matt
GkbaBeSGvt-UmIcefpEARA,Andrea
tdY-XWVOyg-ZJvjjLyMbWQ,Jerry
u9bjjZY_83ydwgRtbVzYvQ,Cortney
f2sQTkz9jv4VCynx1366kg,Nicole
N9tgUEYnMvdZSDDAZ46sJg,Deborah
SAeScmq3cxbikwnjyTqjxQ,Ricky Boby
WkIB83EfRZX6kNJk2eHVcw,Tina
E2oq_BwdQmq_Vyte65icNg,Emeline
CBcVLRQBySr3IdjLB5jOwA,Caroline
BO3Q8Y_pkveKzRym2ExKVw,Wesley
Zzagn2Xg7sIcPeoP5TZ8OA,Rahimah
rlSqxLf4MWGcEI6kL3tmBw,Robert
reJ7c2yq3f8dODMslzODUQ,Eugene
VYXa-WYWq8FaIUk_z1yj4A,Virginie
3aYeG-x5A44GIgmBHrwyAA,Céline
hW2oVv5VCrnVWstUWBdvNw,Tom
8apKnC2iVfWnfB4cIgUBMw,Jason
bJ9JnroYXtpbIbJBp2zFTw,Jeff
k-WpAGk9-LFJyONecDneqQ,Stefanie
iqQBsjqOF9xgIAbsZ2sAZA,David
1lRbzzJ5yXGq6K0CpUCbMw,Chris
yIFyaNq4oCLoYkY1Gi0XAw,Corey
3kOiqN8FUDz54CsbdfaWRg,Becky
YheJrg5LWIVQpIUfGle-GQ,Sabrina
OnhM-m4MHhgWGiBWd9apYg,Nobody
mLmgtTwuryDjJAQrSZ_w5w,Karina
VrMaL32wWNed_DjOcsO3Ng,Truth Or Dare
WM7MFrRP-7YFuGBAJ6quRQ,James
E8N-hgXND7_wUGOA5u9jKA,Howard
RrLRd9M2Q6iYCNnKMZsdtw,Renata
BfnYXZEfWNdmW9VbWVeg7Q,Ed
sAB5MmC1yTCfbn28EI_I3A,Yvan
3rmSsD1OEISBOT1zcgmZVA,Carol
hXfyNff-F8Id7wOrA_kNAQ,Hannah
YfvMjY-G6y86Ov2tS5Txww,A
KE3fPgfxEmfsutKxMlssvQ,Role
schfOYW71VamTTdfzqDlXQ,Shane
wB8X7GJVQtNQs9ofuG2vlA,Bill
S84mUyQA14a4SLv6a8Lzaw,Stephanie
vAhWqV8pSv3crEdTiaqFVw,Stephanie
mM5phAV3wjCXfYw0LUmcng,Josephine
_S7P6eKBi0Lm-BLXut6HcQ,Bryan
-ZsAF6YOSzfCwRMvwgkwHw,Ryan
F6MPrQ5oxQL2Wq1v5ENDzA,Robert
hfzIucnKdAXemPUL3wfNxg,Jonathan
OHTXFa3YQY0cB0nzHgjhRw,Yi
1uys55OaSi9WMZyP-N_CSw,Riccardo
kLm3B6LeboEZWX_4otpILA,Izzat
iKkTysoHX8skTssRWU4h-g,Jennifer
EMpjcN4Jf8ehkWUAwinnYA,Elisabeth
U2OPJc9c1q7VToeKeTZ-UA,Kevin
1G0fw7ywVlg3TS9MIWpyUw,Damian
ZQfv1KsMzPAqQGbTJ0fWdA,Robert
PJupsYutu5scuwE0hUhJnQ,Greta
EDTvacqYYkrxEuDR6MhWsw,Arnaud
1kNsEAhGU8d8xugMuXJGFA,Calvin
6eYecZI0cGbSdVP33PawDA,Frédéric
1ViT_LzrNbbrheWgIvT5Tw,Wes
u5gXJSdi0IysOH1G1ycKmw,Matt
7weuSPSSqYLUFga6IYP4pg,Julie
QYC3HlU2lVeocJSU_UP73A,Alex Catherine
fHrCK0tAEzUPXBVGObGzAQ,Emily
Sd357RRT7uLQ3v52aQaLqw,Jane
B5mpfVCviyUl9Bsdef5jUQ,Brian
7ITL2fpnETneAMsHyvnlYw,Francesca
RowxQgaC5cpOXNDXX3snjw,Anis
fENhF1F6I9c2ssnkfprYzw,Noor
sOL82Hbfza89tKL6m_wBJA,Marie H
ZwLfrWgTq7uFBQMEjr5ugA,Chris
933NaWG9W6Z-1pXMFPKOoQ,Amelia
qS7mSIiKmQaN6UTbDAI5_w,Sahil
fiz9Y2dagXIEq0w8FGOGnQ,Andrei
qKpkRCPk4ycbllTfFcRbNw,Pat
peeffWDR7fVpN4HgZX_OIQ,Mr. Bean
vpldxbdbHIWdtm3CU49bsA,Joe
d6JltKIeAbPj415bwSm7eA,MaryAlice
8o5YaBnbnTJfjc7wpsiGUw,Kristie
zejQj99sR-Y9-rq_xpL9nw,Elaiza
WjwASvmHQGoqwgMVnVdNyw,Jessica
hAiso8IQfKW88uWUGDI51g,Josee
Vy_RM0FrXy4o9VZY04ozHA,Alexia
7GPNBO496aecrjJfW6UWtg,Lynette
KtkTiuCW1ddm-g4uC6acXg,April
mYQmaTeWp87sGnE-rHvIOw,Evelyn
iPemyqGqb2bTzZpmLKwv3Q,Kaixin
0Hh53SYAw7JYclTCShWLbg,Eunice
j9r-kzGIxWA_IGy7k8ZQpg,Drew
oqNju0BSMCrIEGOYirhpgg,Tracy
NLJT8SQ1f0YpxO4hFUPdrw,Emilie
P2oU8BQvcMvJCiwk6Nz84w,John
M7rBV-dNcugqWM9vd--L2g,Richelle
ZM6XDLkChp6X_jYylpEjZQ,Mister
FzWVxfXdUbKw4u3Adyr_pw,Gretchen
QQ4vE4DQzhYMD0A-NelPyA,Yanik
tDZZ2WAPzJui4o8g1DWQjA,Yingcan
ZD76B53WiEdv3g2lNgTbNg,Pierre
zE49S2Em3l7vgIlvFzZFOw,Jenny
OtmF6DLMToJ7cniDjU23Jw,Gada
HmYj8wXXzzmc80DIenufuw,Sherry
nZmqgRuN86ekd6cD6lQEKQ,Aurélie
WMK1j18ACm-EtopEznV4Rg,Jana
aNmrSw98PhdvZkLgxP2PWg,Joel
gQ8mvIM4PCFepn1wn5YC1A,L
BXAZB-k-NDKcFRPleYF7GA,Amber
ONumHqZf1aVnVK7biD-FCg,Nina
zIOxNinC6ofIwwGjO9rUWg,David
oRuZb1QYxQhKzKXU5pPfdA,Monika
CtBx4yk_QM8ClITgw94TPQ,Simon
frlKbObavggbdI6cWYO8XA,Marie-Pierre
xzMBV_7wzGs_QnLA3rUM8A,Collette
vq4vh6cy48Hcg99Iy63YHg,Jason
-aAgfEUH4UoFDRXZCfJSUA,Matt
FWvAdvaQx02yZKdvr8HpLQ,Shawn
NaW6r6e2dwXSv5qLrL7ZkQ,Stephen
D2d7s-UGkDfjTEjkViTNxQ,Sam
XdXqwbG_S03aEXj38sFffg,Clara
Yhm8MI8V7WVr9utt_rf-Pg,Vicki
ygjIo5gLQ8wmsOcTDiHG2Q,Sonia
fquTEV93jh82JYob6u0CEA,Melanie
pTBL-Wq-PPcTnkb3mffIIA,Jennifer
rgkQ6g5RM07PxJbwCVtBBg,Alia
lOu5t9HG51UDqm4ahVatqA,matt
KEBvAP-lG8oOUaX4coq0cg,Issan
raqTx1Tj-wTMs25mcDPMxQ,Monica
bvuxor346zDAen3poNl9qA,Kate
dfdPD3ebqiDMPFn_1XwH2w,Colin
T-_Je1gqrGo5PJfCXpK4PQ,Jennifer
QydwVCjK9_FLXNucm7fCkA,La
yphnJ8zYbJF7Y3QbtMj91g,Shahanaz
383UDZYlbY9gaKNo7Dv9UA,Catherine
7hElQBiE_x2HZk6yJMVgNg,Lu
aO-9ZgTjV8e3k79_-jT9gA,lucinda
WtmmtVkui7AjVIZvnqQHwg,Rosie
Zv_rMzv_8-c2-g0WtEXlTg,Bruno
Zof5LevynuBuY00HNbbhlA,Carlos
ZbgS4WttNQLyYn9zRD_htg,Ryan
0gZ8E5tBWTEtGEZDuTzhzw,Cindy Feng Xin
Ys9lRrMe8udSoj7adIKWOw,Kristi
yaWnpONXlvdXbi36aKcznw,Alan
XduciX-f9ONDZ-rUhs3PfQ,Sam
hMY0wsj3VxOaBixV_6YnuA,Gregory
Oq2e4Gh2kbuhc_Q2_ygLaQ,SD
wi_a3hdD7pnZU4mzjCbdIw,Faith
OWjcc1CL39J-ICexjyOYOw,Mrs.
akNTT3ekmo4yj98J9Hk0aQ,Crewe
tWBLn4k1M7PLBtAtwAg73g,Jay
-wUY9XLBzN6Ji8X3TM0QrQ,Sherman
-9b4s874f_CnznTu4JorRg,Lison
ct_FaVZtLhTL1TUOP3UdKA,Marie
TfXzHKa3AFDHKwUqzjJ83w,Alex
sgO-FwBPk9ILVodd9H-QMQ,Lawrence
7Ri5xkuj6rMvD8F2zjWFow,James
0Se8OFrPpi6wE2TY2IVTLA,Eric
l_fCnDWlT6UFLxwqguI_2g,Heidi
r1n_0dI5JKPz9bRzWDEf6Q,Khun Visith
kaij8B6O_up-NdLylOuWcg,Samantha
JMlW0wRW2I49qCUzaaVtvg,Kristopher
5QrlMMzUq_RoUlEyH2zcig,Judy
hQ7GCAaeLAu6LSgGGUMNvA,Chelsea
Bl98NAmKPvCRi-Z5U2atWA,Marie-Édith
44WfnZFh-atRchFz9Xocmg,Jennifer
3H5Ty7TV7SZvZLa1oTUGDg,Alix-Ann
XMZKOrLE5b-alqG3We605g,Tracey
SisbjmC3RGETDw4dzLDCYw,Diana
Jon2aajFsTLdHUzVlsDFhQ,Pheng
hchTHSS03ah3c2FoUavEEQ,Quentin
gyDhEenNaue5yyiC0ppsqg,Angie
4VDWeuFD0f6jAeFlZa_UAA,Christian
-B2NxZerjNSMfPiHDXrqHA,Juliette
4ONcRRisDZkbV1cviA7nFw,Judith
CW2C9Y37uHzipsFXIU3dYg,Kellie
3i92mrGyOcREv8YX9v4nIg,Shar
Zb2T6JhcBGzgc6RWmldbDg,love lv
wPT7Uxcn0IMxnPa7AM-NWg,Priscilla
Af1bSZcn-izOR8JQJe_TrA,Heather
5o05OPIAhp5oAs7E6a9JNQ,Crystal
OpLYM_y6ReDz6dEv8_ra4A,Cherylann
yUk9mGnz729OOwzKuv-tzQ,Jason
aYL7qtwOMdzYayaddq_Hnw,CT
-a0XgJCXoJln2Ue_JMnfIQ,Jules
cqagyVkvbBB32agnJsIhVA,Ephraim
JPd9zh0_fJB530fp6EEz9w,A.
Wj-1G4qcyo1dcqIjhnpL8w,Nayla
R225MaCRYkuwUvARiG7BHQ,Jamil
zzKsgIF472IyDpJxmHDIpw,Rana
UAS0pRzgydoM3hvYyKyvVw,Harpreet
PVOtG_2eJOnJLoLmT_rQig,Shelvin
OP7nO0dIaYW0O6DYX8-azQ,Charles
h1UcaSPIPpQqMiWf12Csqw,Jill
XEqApY2jtSPdGptPsJHumg,Lucy
IlZKVEmRztQtja-6y3rOaA,Karyn
88PdihQ-Rx8QEDwQFyR0uw,Dakota
RUep7rEnzcFcCA8XobtNSg,Karla
MeJJ50cVS-ycShR5wBKtHg,Alex
O70Ls-Nf52BEnKb-D6vdeg,Johnny
y4avOR1SFUP6jq_ZKVxg7Q,Charles
L4j6jjo1pCalYPKMkHi0kw,Rob
Dpe2rYGdR2TAI_at_Bw2ew,Sin-ly
ao7Jt5QoBWO15lGdZH16Kw,Christina
DRDjrfODfL0a1E_NB6YKAw,Emi
t6EA5Nan-GsiattaFnnv9w,Sindy
W7rNiyDjfTPL60vRTlA4nw,Californian
O3pSxv1SyHpY4qi4Q16KzA,Teena
yz-eHwGxds7NVvCw2AGeaw,Luke
wgUsDf8DSfdpR75EPZwZ4Q,Dalal
_nlkFHs7VHalNlrEevNn8Q,Ken
eQvM4HYpRT4gR_uHJ0euVQ,Fa
ArwjAC2m50ctfJZdLV_dZA,Jack
eTEEfd08L98uDDIeoMWI9w,Yvonne
EPsWdQzalccFouFC4NDVeA,Michelle
oAFOOGcRtgo1KuAypWHHBg,David
C0bn6f7mqw_JZuHQ0Y3-_Q,Dave
BF7rMYMH6OvJOBIQhsnQvg,Tony
VVKPN_N3M3DKA-2an10HSA,Nadia
t8D5N0WUGVkWcPrXZD07Yg,Louise
TMilGgbY0iUdiGulPFC3Xw,Elizabeth
EblK20dUUogxra1VI23BGQ,Rose
Cnb-zc14XLXV0A3rri_q8w,Shazia
LUHwtIgfclx_9PKfJJQ1YA,Francis
43MHDlqPTO_fKZBAnJfRYw,Eve
1jgHer0B9CS1DtFS5a_5Kg,Ryan
RcpiJkkiT5_9UqXz_O1QqA,Konstantina
mBDD9QS1AISnJqxGgk4OVQ,E.
9xM8upr_n9jchUDKxqSGHw,Hugues
rhBT5AQi8LPTc3Mk2Qpxpw,Jenny
-HMryuf0scfllObkYFF0hg,Vanessa
rCuJ08CSv-J4_-3yiQCy-Q,A
bxaICaGxzYHSB1MsztlGdg,Matylda
Q6f-wmLKk6kPIq648ybmbw,Shiran
h8xK7S1xXUBP2qXW0ZPxxA,Laura
t9lwePmlZ7Sl_wiw9SFSrQ,Rich
olVD7FN5BhHQdLaNoFUWOw,Chad
HgCv2lm-GuACRanD7bSqyA,Eric
olMvy2yYS7qvUqjkE2qucQ,Andrew
R5QoQC65G5JI8G5eZxJoww,Orsy
1NbFusAiFMOLT1vOUyVr8Q,Marysol
lbstebcfWBbXu4mE3r3m6w,Amador
1qa2Ui6_pt_N5O182BiExg,Albert
MD8nhQkHlRtulzPwDOdlcA,Jennifer
12AzaKnyko99WgDYn30u1Q,Sheeva
nzVMKd5ZrsG5yuyUyHr4Vg,Charlie
W8BS_cK7trqmdKV-TZDsiw,Summer
gWxuXLY25gGGZl85Q2rgRw,Lolita
pZ3EtXuJu6SjKVKP_I2Byw,Christine
b39IckHDyVLVSGYhy6Sszg,Jim
hG0FxhGxIz5mv1ezaKcQiw,Sam
6iD6drB51smAYkvWR2vzmQ,D
Z7xuJ9P_rMtBvi4aFmP7zw,Fouad
ruSJ4yaLjZoeZbtIJaCxng,Loran
XY2xtc9GJSAWyj2L7ZoxRQ,Olivier
ITZU9bz9CY_laMqK4hZrvA,Randy
OIAFoJ_qs8XS_MeIDDjt0A,Jean-Sebastien
LubR-V3Lj0E5UQzP20U8nw,Heather
rLh63PoxknAV52w5IkmcQA,Nina
Xr-xohBaLoCTem7lf77_LA,Isabelle
jpF5VxuG9moPTZzDfAPuSA,Tram
hQ_xPEuW6BCbiIf4qq6N0Q,Char
ZLD9DGhfwh5Bp4sOUjvOEw,Kerry
jd-cqkO-nLwXZ1cw6pbbsw,Sophie
bBzOlCXZKcwhmdITySeAhw,Valerie
NgP1fwHk6Q2Je5AVS_HEyg,Erika
xva4w2TD1YjAzjxw4qjdRQ,Amelia
c8LIFoiJYExEQNaPi4vdHQ,Vincci
MnWvsd3aQHBZuuWDH8bxyw,Kenya
AlDOhL4Cl1GaBeUv32VYTA,Andrew
mIOZQ379FL_qhcigo7776Q,Jen Eva
1pJmyex-C3Rsa-hsXaWOXQ,Ian
HptInOCjRLz9ddpkbaZpeQ,Jason
TZBIjCMQ684ZtNMXpoFeyQ,Marzena
Q3g66iHQ0Mg7dRsiP1P8vg,Steven
5JGXBQD8vCRRtB9vHBDJsg,Valérie
JVzfx558uZ9-gaV7Ab105w,Sam
sSFXp6HO0-eckiyP2-0m9w,Justin
rjhqh2eZpvl5uXZczsRtCw,Satyanas
_ekUMPGWf4QB5uj6yAvGIw,Bobby
R-WeeJj8sL2o-6kiT4OblA,Elsa
CwUvSaeItqpFCDh0jHaNuQ,Lily
ATL0HWfjFKSPEUPfme4mqw,Sunny
4jbz7cOVuV_Q7v2b3pNrLw,Ryan
2oC5q5MJdIXLYtIQEsBnrg,John
l2KQ6jm88t_tT7LLdxpuvA,Danny
GU8fhfXKFfcZlNuHLJhViQ,Ricky
yOM891kAdwni5ecnGsQcWw,Jill
wxRVZowoEoy7kscvU-FX-w,Elle
65qbB9h_uLvS5JTiC-g-0A,Sasha
Gy6W9VtYtsYObtiNe1C4EA,Dan
9DRiWsAzhbi5-Iu4By3ovA,Katy
D5JQHL4HJrk9J_ij-m4dBg,Desiree
x9p0RQsdWD-NZuhH4J1zHw,Lina
R3j9EzQCoxtv-VmNmY2x1Q,Anne
Synp0WYQsIdlaSWHvrxe0g,Cin
StmyMWkuFFafA2gIknZwCQ,Maryse
UEnYJHYMSsCaTh1pF-XFEA,Alex
Ma_0j4B6I1eUb5fiolkzwg,Eric
TVp6TO4EIk1P-IxbCg5bFw,A
PA1HsEu0sRjUwk2ha8_w7Q,Erin
1dwJK21zm7cuhUKdROWJXQ,Gerald
Wm3KWBXmG6BQqMd_aCIoVg,Olga
wAapkfuOdtIMajbFotOY5Q,Marie-Ange
i_4JP5Co6WZqgoPHnIPh4g,Bertha
raqwXMIO8YrfHgxPWbBNrQ,Martin
dngihhhsWcvWPWHUnrFhBA,Kali
Np-Eumi0cPgX7S2LWOC57A,Rebecca
2LptcvhkcFyNXT_NZDPpaQ,Luca
0ZR-0Yqbr6H47guxXMBy0w,Brian
AhUaj0youDpN-0MTttRg2g,Antonella
BCjsgRFDCxGQHr0hVlwqvg,Neha
SMBVhgdvsPQAoX4HZ8fP1A,Erinn
J6PV6LE7MMQj0ia0pW-L4Q,Melissa
FX_srmY437yj75Ax9xVkHQ,Chris
wNgCoH8qlfTxAV_z11wGYQ,Adam
9DJwzjOGCTJTvUMxgRXmrg,Omar
hIG5qvEbM0qLavmUet7qNw,Joe
paua782iHct_i0DEvkO2nw,Tania
fEBhtnpMWWp32NEJMgMrkA,William
Ht39mX4RsH4qErMvqPIy9A,l
5RfQti09vC6evPf7TkyA2w,Al
RBdZV3-Mi8_fRSQnxq__PA,julia
dvmHHDtWd14TLWeHRXgNDg,Stephanie
Q_lFU4jK5DM9-FpoNbB6Kg,Kimberly
VeYm7sz3HKEYlS_h9BbdfQ,Nick
rItnh9NGPXjMtKS7eZImZA,Nick
AXuXeKdcrX06h1Em8eAfMg,Pamela
0ZQMbnBUpuMpf1_DiT3HyQ,Phil
t1HdYXIzIuooNDXC09iiBA,June Bug
5kNZkOrKDbBbizfz2tkgwA,Nick
eiaX_kY6b8NtZmNbXZ1HKA,Nadia
nnqTSzB3TjKZquadRIHcLQ,Janice
cKqZk06hmnX3UrEzzfFVkg,Maria
-0-R267zNIQDPI9rxJlprQ,Mike
R4LMOs3T3IS-ceTQ-yOiRg,Maria
09WhZPo9JAp1gu4-HVVdWA,Dorothee
Br9bkJqjKms9BjvKWZsgwA,Ali
aeELJ_VPa0JYqekZhzLEBA,Tammy
KBoIRjxSW7OWczv8OS9Bew,Xue
Pzg_MZ6GlGD_Rh2Oh4wllg,Lina
uDPgnEv6jZa4CSv6NX49TQ,Bougey
V6MsTK2hkVOMqilpcZpb1A,Yu
cXciolQyHZiW3uAB_dgPuQ,Ian
o-wACxsV3c9Gdy1A__GOLg,Carlos
r0-zQoilb3AWaZRYlI9-cg,Kathy
km3lnJeuDtQrtKxyU1Dwfg,Trevor
B9hG8-Qo5Nen9GwwiywFKA,Sarah
hbZVFZznfq8hLKacaYtF2Q,Matthew
JrTsaMac8BnAkLuJ3MfGzA,Aileen
N-lvb4QYUAzZZU_1sVhbMA,Eric
YAUHKeplv-OcEndFphKD5w,Jesse
WjVFL3II4-N32yHZNCH-5g,Ann-Marie
XIAjoHBqlzuVOCPN9IXwIg,Kiwi
I-4KVZ9lqHhk8469X9FvhA,Susan
6yTV_iirY6r21EeTRGPGqA,Jolie C.V.
XWL81LGNRqo_b5Yek89QUg,Rae
OsWoY-IajEhD2mUKgG8fwA,Matthew
vUyr0O72btWjs1HqZRc4EA,Annetta
F1UXJvrJuXFugEpBscuMXg,Claude
2xFtQEr96FUtwQ48KsIvCQ,Sam
S6WAo9h7PHqUDbog60pzjw,Joseph
MgCir97ATRymu7Wi3fz4Gw,Will
lKbwTDmxrnIPBfw0SlEdrw,Chucky
gWaUoiHidYWuarN4vmGMJg,Vincent
n2I95AzSGw41ihtqL3MLtg,Alexis
iuzdL-fyp6Ib8X18k_3t0g,Rebecca
m1hh7pNYO7qMJcueiBwD_w,Barb
cKm-kSEvPro2qR7SauPR5Q,Amanda
i18oz-2TnGrOJewfisie4g,Kat
Fad4WxQe3GxsylQIQsZfmA,Thao
5p0OtGmTaN94C0iFSf_STg,T
ZHSbZiVoE1yYkhUy9Bu5eQ,Mavrud
AaNVt0_Y8q5h6O5Kmk5nMQ,Mari
yc0sBPsK6sT1yDhr5P3D6Q,madstop
YBT3EKUNN4IP8m4x7sGu1g,Deb
03bowRxuOy6g8KdNx3ogHA,Hanna
fuux76suMAhWIpwQdNqIWg,Steve
0iL5V6OzHrWE-CJXgsXvdQ,Alis
LHlKkrkppF-HIV3MOqAKcQ,Margaret
7l9gsqOIprsvBtsmcJTnJw,Ken
qeznelg3XgaB5vZhrlyJ9g,Julia
fHG0UALsw91_EhbQFL9oXg,Jes
zPlxA5pZqh4JexgZCP7Rcg,Yves
uGaI6KTqO6Fk_zwKY4tESQ,Jay
5jRXwXEJUfXS0Jo7t4MLXg,L.
SYxZMSwr9m-_xAqIFdihTg,Christopher
vY-fJj01AmX929GweBKolw,Rick
aNS_fOw7jMRpPOoJhDTRgg,Noelle
Pweu9e19-LfISe-47Q2WVQ,David
auX8oQ2-cFTpU2ueROsLPQ,Marie-Ève
Y9uJlgOPCCiGh-vmrctMjQ,Stan
pbVlZx4QaRBLRat4x_uI-w,Kristine
s49XcBEol0Zf4HsvB6TC2A,Jill
IxUo_G36GuYOMNzCOWrhsg,J
qJZCiO3qSOygLLxzX8l1wg,Tim
6lQ5BtSs7Egm97JASU9urw,Yves
BKQs6LMHlygTyl7t7bMuKA,Ben
pZDmoYqX5AY8D_zAJ9Zheg,Max
gT5qH2A9gm_IUq3XkRSmCA,Ana
20Q1V7rHvPUfLlfsvb-4HQ,Patti
IpO2GbD5J1dvJREp5KzRdQ,B
NmuegbCURjJS8COo1Uqd3w,Vernon
RhCmG5FernPxZLAhE4z49Q,B
sEYhtPp7-Dm1b241JigCkA,Tom
7T29nKq9be9jnpPuB5XHKw,Rick
lUWYNQQX66D_SsdJAlC5jw,Alexandria
_qq9CYQRYYitbXAOl9B2Eg,Lauren
G1QG6IfLuE5uirU6PMo2dA,Em
SpCFKj1ohSP_dfgb_K6YeA,Phuong
bCC9m7vuNKISQ-ckJ98fJQ,She
wvkAp_FO_u2S0mklkIa93w,Dmitri
uxaW8FOs_5OQ_v8iGRtzFg,Marie
yRnVFUIv2RuTc075Gff63Q,Kringlos
eUIuiO9wiap0X_Nc0O6P2g,Spike
9vyFRDFyZXJH5Qmg4PmqeQ,Kaila
MCdgzhntTVK0OEH0ivqpEw,Stuart
i7VNnVdkx4_GpSGqZrbJVQ,Mahmoud
Hxy8zmPEcdzl-Q9lPqKIaw,Briz
PZftbEmXuOLopArAnuB--Q,T
rS6v4WRa2gc36vVZN-BdCw,JY
f8dRAxgqFnRH5l6AdbOf-A,russell
dzvwgJiLk_mLiBNLEJMbag,Cryo
iLqKVEqc1LfFlY3DZkmgXQ,Nick
k4xzJyW2FPMvy4TMUs4D0Q,Jeff
pqD5TfwRlNPaNRneCLCv9w,Ervin
Ka3TRKrk3hBqNFDzbUQ-AQ,Alex
YhKG0jWCmTM5ZWd5C-Xm1w,Jackie
03zKqrZQYJjZlwK8yVMVuQ,Emily
-s_WxkK7aTQ13U_1NlWRKw,Carlo
cmUswSxbNcJosCufuoD2fw,Ashley
xHQxvFLZFlQRv1CGxN9bzA,Claudia
LhjJpe07vjKaRyZYKJKGRQ,Lee
5qIwy91T9rAQj3_2O4cn5g,Leo
vAB2A3Fq7lUg4XcK0E3Akw,Chi
-o8qqlFjEDq849SQEoqhcQ,Ashley
DY95NdqXaLqdaNM0qIHCpw,Guy
ZJK4BTBWs0LJL9bwRaBxWQ,Dave
PALLpd-wFfmp48inCockgg,Shaun
wj5vlcfBWNIrNqyJKGCU0A,Reza
UTLlKYiBIrradO7Kr0aMSw,Oxygen
rM53cdFIvcmakcPl5Ei4kQ,Matt
C4gv2YfW6GqePWBBapph8A,Robin
q3hn4e2XkIq2AyDpISv9ng,Mai
B6kHo5Bfik1kAK7SFtYtCg,Tanmay
pILwv96yeZsmUjglRsSuDw,David
RhftvUx56mId37aq1WX5-g,Elvie
HNqeYFG_-g9SWt8wfd66Kw,Amy
JE6ZqyqHRwTfhuDdhhS3bA,Ada
fVcdur3u2KqV0JcA3-Lo6Q,Richard
42aIqqLHAJeQRMVwZKcFdA,Rachel
7Vrhq8d87KYxy0VcQjRVXQ,Joley
_Yz9MFmsYnJxFSa10XSgfA,Robert
kxA0vTDi1KABuA5Tgg1HKA,Erika
dmx5Aryrq50rZ4Q22DcZ_w,Karen
1hT5oewKWdp-RsZL4J0UfQ,Sarah
0KZNZKVCTpURutG_qbMKzg,Alejandro
xa4g743VNih9QNKejIe2gw,Tristan
7J6sOvhSksLtzO9hFPEnGQ,Phil
qGSrT9FfUZAgY-Jm2Co9sQ,Roger
qF0zZHtqaMbFF3UePDCaHg,Emily-Anne
snbSGbWh9L4ZWAocIn2TvA,Arron
LRPoyOMqypv_plH0GdVOCg,Ashley
fQcfRZkcOO-MXFYD5umf2w,Alan
O8rFLoRDSThqiF1yp-1ZgQ,Anthony
BSVThVjjFaF5orzkW7Of7Q,Don
P7iuHke0ybK3HDzLJ0LaZw,Robert
q0x5bFJHaKO7YTXw1l8g9g,Joe
dw-JRbJxIanXD47zwCISrw,Star
3ZrY316WfsTrFKbUCc9waw,Diane
oQwFLohuwcJYMd0WhCph-Q,Lucy
MIKByQgLWgXNU_26CX1Acw,Rev. Dr. Christopher J.
33h9Jv4VKbbxB42CUD9WQg,Wahed
DSakdjejUJY9sn3eaUyezw,Alex
q0x0Tke2gwXIExbITSLskg,Sri Harsha
hJ5ESTUlFmiRp3tjr0c2-A,Nicky
qWFhKtzcHfbj6nCJwfTBiA,Donny
laaC_7aQ5mWm6BNSfHJ8fA,Nachiket
VFLmf0iImwfN4YEKargcxg,Ray
sLhx_e9CveYKWQXUzUeCfg,Sunshine
lXpb2r2wc_gvJ-QWe8KS4w,Glenda
0rSY77NhhBi2ZCoJhwDMqw,Mo Riza
0URpICC5-RDn1mrRfwWyzA,Cindy
UVs_7nPjqK_W_ap96IClpA,Sam
XYDyktd9zsqPvJxxSTDxNw,Jamie
5GLB61xLOP6T-pNsr7rslg,Faye
Sk0a2HtfczDMX_rZmbEHGw,Meriam
iYwvHpgiLqBX2dFJhx7zBQ,Joe
AhyBe-uGYDJ44MpVXMflkA,Shaan
GMeYzbl_kvY0dGZeA4Lfvw,Brian
RTkJZZMNQbAEoCfxapcRLQ,Aella
fpYMYJowa9Levq6SszNcvA,Leean
aud-Vk1VFYBYxxVSSwkMIw,Andrea
glCZpRr0LSMssbkOYGXpbQ,Kemi
sGJvx1MTsetDzsnrHfJHLg,Aaron
xkmypny5H5-kFJR2LfbRcw,Peter
17dx_x9W_7QBT-3oiQQEQQ,Gabrielle
JZ7RPFpDhPHa4ay_wTnRDA,Amy
si7PDh4blAry09r27oZLrg,Isabella
-uglef88WEwkI6UlAqwO0Q,Jason
2HXzmRsuudk9k9UMRsILGQ,Jacob
bG_DOb7mltWDfbJS1xmsPQ,Michael
55rm9_A0EIofkx41SgnJZQ,Lino
iXWPU9J4A7JU3TYKW0RwdA,Steve
985_A0PdZmfbVB1wdlHPzA,Vanessa
JY4OOwszylZWrE65ZC5j6w,Elisë
aJPO0e5KeWdxoFuBZhzJjw,Debbie
4u452GlR_8K9NDziWNpmxA,Tammy
qv6zFKA9j2_YSkZ3ImUHAw,Joe
tmqAnKBcKcVrAi2RxAD91A,Natasha
KtQYWkzwV-fCTAIcQfc7Rw,Aaron
NdSNQXoxiFeNZQ1M6uB9fA,Lisa
lI8qHuapN1NPXTA95SkGOQ,Chris
5-j-ELEmUNQe7qwg3RmYIg,Andra
VFLZbmiPsAl57Q2nQmr3SQ,Solveig
lxaBfy6snoCHWtN5KPrZtw,Monica
EeI4yjrvQi_H_q-5CXjUfg,Scott
HzLNnZpKaDe-ZFkngm0UXA,Jessica
n8botb5NH8k3hAakNro2fA,Jenelle
SPxVxXeGoE2qMejvDXu3tg,Vanessa
D-kao_LyrlEOIOR9EAf39g,Jen
gqnhxCtGgnOhVeqAzT5ywQ,Christian
1652MDlbA0pOtsq7U1Ygow,Clayton
srDltkY9fUlrNk9YjxG17w,marquis
ZXhRzUFOeyy_jkh0YMh_NQ,Ginger
s-mcOx2OQWI924rx8h4Y6Q,Temple
50CacOqb-69QlndXYWkwNg,Rozita
jMpBkmBHjrkECTA_THZtfg,David
gfQqQYI5_hCAGEHlHXIz2Q,Cherie
Dp4jfn3XvZ9Xd9Ng_t7RAQ,Chrystina
aQkCQ1m2Ugo1v2TKdL952A,Megan
KytpWg_fCxWZ3PW9ilcUhg,Robin
suHBY06yKU8GZICWuU1k2w,Riham
LaQGI8hLJ2YCMHW3sZ5XWw,Robbie
LQ4FYt_RV8ikqFGKWgxNbg,Clémence Léa
FO_etH5T8-Fr-CMYWc2ZJg,Renee
d3VsbmMRKSDc3w_O3Mbwog,Janice
SpIqGhNMK7t_gQdV74MBlw,Ferman
S_5WK1du4bLY9dlEY1PzMw,Stéphane
LrQgh9Xt8EZPBaAm_L8x3A,Nancy
oHn8F-aeP5vKrDMVKDEvbw,Mathew
ps00_kAh92IMjXqTzxuHrw,Jeff
GhX6pIeVsTolrqOvchXsSQ,Kat
FdMNvBDX--D_MWuu5qKWDw,Mariko
w0eFvridg4LMKQXtO-t-Kg,Kelly
XK5NeMRDrwqSa9XQIWyskA,Yacine M.
z7vFhuTstnUBpn1GGThJqQ,Kristin
mmcap_lRe2oB2lip-UgDwA,Lucy
CF8Zy3RCbJ_6VLmKJCc9FQ,Jason
a9asIKrQXjd_zCcuomAUTw,Mathieu
ObqVg5hj-OzGfP2obqBzlw,Ashley
I90Tv13Cv4e9CKY__AWn_g,Tammy
uegNuvRUU-z4FwFo2aJpcw,LaToya
L3RkqelOGJBRXICDoDDBQQ,Chris
XHP6Kvw0UxekKpRPJjF77Q,Sunaina
Rpo8fTYxlJN0anr5-qEzpw,Nadia
z4hx7ICjJokuwRlHMGRbXQ,J
in0aLEL8gC5MwNywqyrdUQ,Eve
oV1-DIvLuw0SYPuJJI82HQ,Victoria
Yd0Do7Ki_GQlUdLKuJr2YA,James
nzF45YRIO_9WEPDBGOka4Q,Melissa
8TQ4QWrbS6nKvQAjvQMbug,Michele
tB6vkXCS_8PIh-T9g8t6IQ,Bonjour
w7Lr5GQOAa4XhoYm18yWHA,Christie
jXHrSe9-iqyUa0sQGQtAOQ,Victoria
2ZfhOYE8NKSxv8bXG5lDnQ,Oguz Cem
kbyxFChwMzukTasy9lRHTA,Kevin
Nnt_lN31bp3EuuudFXIbDw,Jack
CV75PpOtxZ40YbL1YE7jAQ,Sanaz
3GT6dvS8YVusNGqIKBpD3w,Ana Mari
_pIe6T7Yw4rtHMMGW1o-Lw,Paul
h_-ZhN_mFN8QO-L46bewkA,J
z2AqDVI4UZ_CT7gf2panBg,Eduardo
6_po1mPKB9KtesYlOM7PWA,Robert
2_mSppyp2y08wUTrVPKnNg,Dani
A5h17ouvgl4URu1jhYocXQ,Marjerie
QX1UciS9sSwgYoanAPyUFA,Laura
53ApJTgvnYlEPgP0xgc6YA,J
RAzwrPeV5CPVdsLZn14gKg,Mario
RZUrmsaUiFKmZQvxuuk4UQ,Madhu
rdnUP1hG9ubb3rty_69FUg,Jordan
A6CflYJQPTwRX14HuWr2aQ,Dani
AalklAPI6ebMzFXkWTj7fA,Michelle
E5nRF4bClGRgpo9JeCHfqg,Suganya
eqJX_l9ZES0dahg8h94NTQ,Michael
BGsgs7CIvDk7FSolKuy5GA,Heidi
5HiO4RFBVtAc7EY6w2mmRg,Vanessa
7qVz4pG4efGiFLU978RL5g,Joel
0NAqalSTSwlMeKYrc1q59A,'Kev
w_PyyaK-7Knpl_pIQfum3A,Jeane
ys2r72zSLb2wqUcXLvN-lw,Madhurima
ku594gnolQNGCynS28L1XQ,Adrian
wQzjkZp9-A8J2GlbWNjH-Q,R.
og0aBF1SkDI84YnSVsOoEA,Toby
jou3w7Av6jJeVsaxfToC_Q,Paola
K95X5oE2-fuDZHhzFOfPUw,Meghan
XOF4-BgGkYakGaNH1N5BEQ,Pascal
YZHTcdH3lKuJIDwqI5oDxQ,Myriane
di8GwyacU_2ovY9_POFt9w,Yoann
VdZo9M4lahHokLpFVaGiIQ,Tracey
QODR0Tiuzj0nLyTcWGqYAA,Jolly
1xbdVWc6sPdQ8vW5yEQn3w,Kelly
CBhtGtZuZWV28GIVRLEnww,Erin
4InQPZ5xc4rZMRxDGYdJZw,Alpa
cuQ2EB0vzq3G-k9Vkf9MaA,Julian
kDxufaqyAaCLNZR2g2m-OQ,Sheila
aRrGBi6wbmx-VphFWrTOfg,Alicia
K_H2SLOudDpujs2cTgPRzg,Joshua
a41IoxVZ05aGm8i1RtdTAA,Richard
P2yl-VsSevKD5w4Wv3Og6Q,Nima
jOERvhmK6_lo_XGUBPws_w,Yara
hGJhZ6Z-sG5ux9yzZc406g,Juna
8_A_OdF_OS_PHHyDE2GiZw,Jay
0LJqfXPuK13iKd1YxEUqXA,Marie-France
WTBjrYlY8thkKOCwmFCIhQ,Cassandra
m0k4qKrajeg3libJmOSE3g,Tony
c8Ymo6xaxz3JI3u6oTVerw,Thomas
ey2K30UtsK2oBT-gr_kufw,Susan
HzTbyzIaHgW46YZsRG_WgA,JP
mlAspUSI3gS9cBaljJgObg,Tim
4kULiJwA_LSuXUIRmbLIYg,Gabriel
C_4-Emd614NpAVzOdCXfJA,Amanda
kvPBP-jLpDHrF6PYhx9qfw,Alyson
o9qSsU-zzbHbUt0Gbtj9fA,Salman
f-uoHlqYm4D5kzAx6-JUbQ,Lea
3qcpZjOcgNlPxwKQMFFmJg,Enzo
dHUSgYKmfNVURDuokHWQyg,Cindy
02ZRyKVyJO5HquOCmJ76pg,James
xU3sDPonLx1_w4t6wOOpdg,Ting Yi
CjG9Mqr26HvNBs-RqfWwBw,Blaine
0wH8fLJ5upPqExGx5GkwCA,Chris
wzY7hmy0VDqC8Dc8_-5-fA,Xinyue
X5hySWB8MkeR1fbsR96POw,KittyKat
fHOBGmtI1VdGKWIxrFH0kA,Sarah
WdRJAIUZ8kcdYjq4krUyoA,Karl
LM1Tv7q6s4d9dTQYFd2KrA,Gen
_UwZg-ztV7gc9u0zsRSHxA,Claude
Dv8oPvUGf9Wxz019mqLTQQ,Betti
u40bEVvk4ioYFKpkX25w8g,Bee
Z6ID3_Zl-YgfUlop36gWhQ,Nelson
h31k2DwP2K4SPuxiS7u6Yg,Amy
6q2kW2a50uAPK-cnpcNo5w,Drew
XdTNJRyXpOopfL3A1E2hfA,Nancy
JMSW2PE8Xl6xZrSsRe4eEw,Brandon
smNWtHPk8L4W5NizIY4q_Q,Marianne
AN2pGjsPWE4pS3AdsyqFTw,Vlad
4tnd3k-foRbvHLNCHVUEdA,Jeff
KGPPQsnPBJpUxCXBVuSpEw,Adeline
OVOovTxliDoDZRfMuo61Tg,Donna
lhJzNM8Hjy4Nn3-eQETEwg,Katy
Oe3gy23-vDcCTjIuKojOTA,Rachel
dQh7xaIJo0xrpOusiS6yTQ,Liz
NUiBtCTHAUK1mR_IwKhvSA,Ventry
YDrRThaGP3Otqxf16zbyag,Maria
iW0B7dPTyVM1Sm52i0SFeQ,Alysia
iLwYEwgfZnmSHriT-LNm0Q,Oscar
e0Jn0ZjqL-dWi7Brs0bbmg,Jennifer
f1QF0cKkQHUju3EuighrAw,Rose
nZKc_pVUaeEML0PGzwVMyA,Hendry
Q7Pbu07THd2ib8sdfIfOlA,Michael
o_IEnOVNuir0QNVkANzyXQ,Esteban
BY1exhWl0NAjPTIBZn1KLA,Jacqueline
LUo124iqFxWhj2UuWk2dlw,Theresa
DChlTqxlUZmchI-xN3j1kw,john
7uVtymOX64IhnDjW_v1cmg,Lei
ZhY5Qt76hNe4RY6u_HXfYg,Jorge
Tk_LsD3n76o56hLq8ELHsg,Amanda
tEZsTQEkZSK0RMjYZoZzZA,Hani
9VC0TgH-WEbXhyNHtWMstg,Lily
BuVjNYAd5Bayj5E3eisX-g,Michel
JGtxPE3n3_nMLM1g-uCx0Q,Mike
kANeXSvmLmXRbQYnIznc2g,Chris
00xGfvalJOhzGMxbqErz-A,Chun
fR4hq0UlIpp4lDXKxmHhGw,Maria
qgefbyCO6p2VOTNpm_Hg6w,Paul
gtkzG1oNUutUrDr-3Zvy8g,Gordon
PSc3miQpdYkdrpJUThvquw,Renata
JU6F0hUGd2JmtYQCYc5Npw,Mike
jImKbs4In8xg5c73Gb0NTQ,Eric
hSNEWH508zv-Ouong3zFqg,A
uUSWV67DJzUizdT-7-ne9Q,Nicolo
yD5npU0MGi1Q94HHTjHcBQ,Hiro
Ks9_P-SIdWnZmq-VXJuN5g,Ali Riza
kubJ9q0g1L4IqjVCqyTtFw,Alex
n1BUoOcYFQOEMe4jlvqiMA,Jared
IrCmkFm_00BRBHj2zE_Xhg,Thomas
dnzUsb3udF1DoqKOwwXBmA,Tamara
j_iLZDEhR0L0Z1tkKhXmHA,Jane
jRn8AOwOV9OSqla8nOK3Xw,K
MjqfukTWimz3D0w-cp5fDg,Kathy
QU5oShGJtu9D_o3mDvmWCg,Frank
_-PNpl5A1i_4z0YA5eM-7Q,Marianne
RZgoY-Z0NzpXA8PD-WcDOQ,Katthew
KpKIK29qt8YkI2KU3Wpdtg,Albert
941m7FFFBeoCRLXJZxflzw,M
2uPqjeZhI_ZmQSExS1uTNg,Sarah
omyYNtGGulVBXupIVpfopg,Karine
vBXU9hLHuSkqHOXRC4847g,Carmen
uFTuvttpQvWz-V_4nncrFQ,Katana
B-KS9atQu-gw51QTee-jpg,mark
VgSxvcdJzCaZCOnHP04VWA,L
F8r3E44Yw4YJF7v_V13Ivg,Red
JwJTXIGd99kzo-RHMhfjBg,Anthony
06ileEKtKsGrY_MDzdxt6Q,Laurence
YYj9g5Sg5weEMqcr6tPNUw,Matt
puMWOwZTa1A2B9oMRFl7KQ,Jason
RbiNVXSC2jlPJSzmzvb3ng,Tara
bYcOiNUIKLOn2AralAFs0Q,Lily
Ea3zkTaYttlZSGqWukjJRg,M
-tTVsQTMRB3GwurrX67D-w,Jessica
WhUxO9CB5i9vzEHoQBX4TA,Matthew
NrnaYqXZsWzO1maOiwurhQ,Valentin
GftR-4_l_ILTTU2DZuqJCg,Barry
Om-9q4VanwG2ALc8HhLMAw,Inna
h0A2xf9h1JvL6BkYSHzRhQ,George
A29aNoQCw7m-7uZxkIqjWg,Lina
JZOjAlIMTk8iOTK5oSoDfQ,Karen
5AZGa8hr_3jUFLWZ3zQYfQ,Kristen
kwbpoBTrO3Qv2LMMFJbyvg,Jay
UIYekmecs_Sb3MQdUmFGXg,Garett
vVkT25eBjh-93j7w08OWUQ,Josh
PvqKnq76j44ZSGzOc-I9UA,Andrew
dsvxYE__Mll9uiwBAUJSjw,Alli
njWTp_CZ4KNtyPJeNWQ8-w,Amanda
-BIu4Nq0TLuxkhdjwCZIrQ,Chuck
a5GRAzUpKpdRmhLI67tGDA,Vilma
g2mpm6dcJb_9CL8Ns_EPcQ,Suma
MMKknEw3lR1hZ1-SpORFHw,Diana
i7AdIIkvH_j6PQUMJCB_UA,TJ
emZr_JJQeFBHL5173ORF_A,Sarah
6RQVjXnBlrj_J1H9O1JXIg,Hugo
_77s6LTBJ4BrDoR1phYiWg,Tim
12YPK_JfOmY5bQ7jXLQiyg,Michelle
0QAE-h6YRJiRF5RraE29cQ,Steph
w9ylLmBCzlAh-xYj7LPC1Q,Forbidden Meal
crvTd67NYZS706XhFN8CLg,Sandy
XNdEk3LNbQr-nKyhcMPGRA,Liz
GB-yA9v2_24mNEwenzklKA,Nathalie
h_1UE0CxAf1Blt2Oigkxig,Mark
YJBuMpsVPMtpqfq00CxrvQ,Lothar
pxOhbYTvc6IESU3Bpzs8Iw,J
ARbXI0dtE6bpclIqMx77jg,Donna
uphk41I8yPJ2KyYrMQOefQ,Cassandra
qtStklaTv9mSxtzpXkf9rg,Ryan
loojrnv4SmwhQsO01k7maA,AG
SBZM_4J6QWfQueuK2Nv0Ng,Joe
Jgieqjr6uTpdrnB7CY4f3g,Jon
175HdA_nJxsR42steUiIXg,Laetitia
MeMrFTBvQgPIzPEy6kTWmw,Don
2C2wHU2z5hGavTTP6p6-pQ,Geoff
Yef_LD8bTsSIm3zGq166aA,Shawn
GXYs7BReFbnirPttsTBxpA,Luke
3wt2z4p4k4ZkG0V2SKAd3w,Emily
tTA2Tzdu8BdBmgjRgGHvpw,Justin
Edhsd2A56QLABhmrIWEprQ,Richard
tN1kErgK9ci0WO7rsAyavw,Jordan
gNq-VRGWnY1j8ByVm7w8rw,Melissa
u2orEOJwWMCq_0BNH8dk1Q,Susie
A_L2MMaZDWLBQRwp8JWzyw,Ashley
-bPHWQp8KDmC5tLc_3_XRw,Lucas
iRH5zaVgqX3wYxhLXOYhNw,Joshua
2TjLJ7HmBXKcWtHf1ebZpg,Hendrik
yX3YXM_ve3zzarXNKWENAA,Justin
WBjd-IEYBLijqPZnzeu3Rw,Wemo
PPlnagaOUdXjgh_FwAaVIA,Genevieve
rp6IwU1sKXc0ztB-VQTXbg,Phil
hYpMoyAkPOmEGk4jo7udwQ,Julie
D4Eznn83MRWUK39n5WI0JA,Kelly
Yx8RqQSI8cO4jfW7VKw4Kw,Craig
3optl9x5LNX40C34Smk4ww,Dallin
b6Wk6AzCTw5LV2N63MmEjQ,Michael
plOtZruZJ-rxF7VCgeS40A,Samuel
FArIEoSKbCcVqWc2eWNFXA,Caroline
amvbUBB9368Cf-7SnxtPTg,Inessa
QmjwQ90qT5w7mbrRgVy9dA,Catie
xRpEDT_5bkZFESx03CN--A,Julien
4VcNcubHO-5aeXPySyxPUg,David
kFtpOzWygqAENd6oKrkefw,Marissa
9TT_mBR1xKn5I62vg1yu7w,Athena
fRztxpmNlCylVSMHrA5NKg,Amy
kkPmwboW5Fe5a0ZrqTvCHg,Miranda
aklz9VcWWJDOFLbNk7t2Cg,Gina
JnxK5dq85pivUK8J9Cyj4Q,Karim
GBHgHiYLASLNUE-bELxp0w,Nathan
iImnb-W4UaMsLsXd9Eq3EA,Aled
5l4cUy_IOQ9xMhCk9QhilA,Aimee
1ilY-t6ZToGpe7mEMWSppA,Joshua
-tCRfuS12ayAMo1SyudxYg,Ronny
Cjfgh0v54urwg628j4XkMw,Nik
pQ02Y1VCqcV7vZV_id2VsA,Sophie
PW50KG6menpoHdKeYLAvTg,David
q01khtt3I3bWBvHGxwA6vA,Tim
I0I83n6ehIIsiUJScvjBqw,Howard
8JvUGKKcTfAmkTBOmUIMzA,Casey
VExHvFxiVeHXgLkl4xZa9A,Milee
fzdGX9PVFeO-BaNEw0VtIg,Jason
CXKptjJG5g0qhreV3I3RYA,Oanh
YS6Ew5Yj2YL0P-84U4Lsog,nick
Zsfc3e_arKRDQuYuQ-rDRA,Erin
yEgJfWRPnIzYLzELC2YN2A,Emily
vz-BTTzvcoUr30VbQFzxZg,Meri
dYTN-5VD68IqYpvG8UyVrA,Sarah
D_uUJZCSVSvV-TTCQbeCQg,Rick
LPRXNAx_twMXs00Zpa8tbQ,April
2B_EqmBMSucsr7djGzu0EA,Lawrence
yOVFRBi1xFuAFHsyzqc_hQ,P
v77KDyTdoirLnVn_lkiOgQ,Michael
kUNAJ_AXGz6aBmIwH_NruQ,Alex
cQAZN2ZKyMI1GXGm36lDhg,Tim
7VvxCDLau8g8ynrQTU8VHg,Lynn
FvivYrK-o2dp_Sk5ips8nA,Souvik
dvODnX8jX-5M1ctMiutF7g,Daniel
fW6r7n27FBPHCyJBmMcA1g,Avivos
eNvHcq1dORJJl-6YwNnihw,Katy
kztt8HlhfZVhhbgbLsNRTw,Jill
-kkHPNvc4dxBHmYgHCNVfQ,Lucie
xuv-8Qedv_CMDV8mbd0vTw,Lynh
CeZZeAo6kqiU8kmcqHVvbw,Christine
oTGqaMk7G_x-XHmGOWo9zQ,RL
nZUsDCm1v1tSJVWJHFEflg,Shin Ling
y_gm01u44M2P7y_nZk6WtA,T
qFtrm6pVFrOrdMo0d1xJQw,Patty
o2T2dKDEhaMp_kagvqVuww,Shazdeh
7sOl4aF_xdXZvZgS6aSJkw,Bubble
2CrTE4dQA8biZ7SLzoFvlA,Jaime
uj8mjFaUQzmuVSDnaqff0w,Kerry
WR3eZ4tuyXaRWC2epO7EhA,Gio
UYW6ODwBCi059RtsSCtU_A,Peter
sWlSRkEQbFCeMT5lISQJPQ,Jessica
xvi81Db39YKVKaisSFjH0Q,Harshil
M_WL8dyH52QxDdGbFIpFPA,Norina
oSXIHISg8qRXx1X6nn4cUA,Antonella
UgXrMmqCRiRu1MVBMFlYSw,Stefanie
60v7H_m0Atd_98oCwqclew,C
eBtaFIQcrnNAo2QW9GhRwQ,Naiem
Gkxe9U9E2WR2937cjIZboA,Jason
rV3wHZflGHyKN64V83ZJpg,Laura
zwsVQwyxkz-s4rvBCaPyZw,Cher
SgoQg5EPIAy_kMJZmJgLsA,Immanuel
swfkqjdZJX_m9c5wH0JrDg,Courtney
GY6lkkFN-ap8AvMnKurwvA,Kyrah
9rCC5EgM6EN21f78SPS8AA,Diane
b-tE42VVC66FIF35EDyisQ,Margot
Henrt3UXBgJAMaM_9szKiA,Kathy
GuW2KU4ukHgbRNELCQo-xQ,Lili
235W87YggWprtBY9jKXQTg,Thomas C
StP93sGeoM7vt5K5-vlUEw,Yishu
lwe8C3ei4ht6hjh-33q-Vg,Salpi
9VwP2u3EjRMwKnibLJ4GlQ,Nicole
vXF6ar6-h4xfzfF2ZoCNMA,Diego
YpZLzACFXQJXGdG9kO7fjg,Richard
JA9ebZW4GrJcP0GC3uMIUg,Jessica
wbu2tX6Cc_oJpdz4ans0VQ,Wen
HMNA_R_Bu1G3Ho2BBoB3Lg,Maria
rSmzJWksglpkxZjen9KgGw,Paul
oclkoOAyZ5A0glL-tPvnlw,Nata
bVEQOCwSOlaCNIBHWRPfHA,Adeline
dfIOLWBUkZvULJUqDeJ-Nw,Brian
A43saPMr9NLsZ25TVB8a1g,Marti
3-nyItcBFRq0ZhyJjzqVpg,Wassim
LPRRbIaw7UR7bErPY1Dcag,Melissa
W2HOnMpyvGK09Th21RYqvg,Jamie
ozuxWbGwcY_xxGho6Bkx7g,Marina
PhWW6RCfPxgOMmVqP2kizw,jonathan
w01hd3eejoOkE6kQ9Q4g9A,Sofiane
47wyGt5l_lt8v0NIDbvCDg,Sofia
QDahZGlk7UdPbPDDDAfGbw,Erika
d3kEhf6hmEFmZsGmE-IXUg,Stephanie
_uAUi5BfDaNRw7pTJCANfA,Kendra
4sMsjoRxi6Rqpm0IziQ0GA,Kate
3YDaORKofxCLGiEFdNFnUQ,Deacon
MUO2meJxp6AlIQgsIQ4B6w,Lawrie
TWVVfRKkFyoZMyujrQ0a5w,Jacqueline
n2gfmFtAixNU2zbWpSi5Yw,Alex
mKzacKOcuwmuurNAAuhqrA,Ashley
U3JJ1L_joaNkoG-_x42AUA,Sunny
sh73ia-9iQpHUGwnataHsg,Roshelle
kJ4lojFBpi5utB1Djke2WQ,Dejan
VagaYH46uI0H460e6c5-oA,Edward
R9gihu1jxCtUl0BvIWWDdA,Karin
pAjPdKkbSJD_8ynxuYlmdA,Jen
NrRHod3FtQPKMjF7WbRD4A,Michaël
HNaWGdHGWofXDAKtYgGPnQ,Jessica
diX1YW2NhhoN-jLPnaYCdg,Vanessa
j-7YRMmL2pcVtCbdv-DcnA,Biggy
_AKf0jab-DI0xGQDiWjf-g,Myriam
Tz7liunijk8INJQWQGW7Cg,Brian
sPbH0xfsivU_JVC92hT8_Q,Rick
AjjhxxU-mHARTaNkQkQt0Q,Ashley
QOYPzzLkFgwHput6WnuXpw,Shelle
pbYTgMQhU_dw4CI53YBhfA,Jordan
Isn6_7OsYTZMszsQ-wEJBQ,Stephane
GbDfPbqp7gKRwbn116KDSA,Ben
UCqsm9FfQ-xOw1GIrFHj-Q,Vi
6FACGvOCODfRjiItq0NEIQ,Ashton
ePGbU51-ODVq8sZfzuH-7Q,Paul
012KRHIrKQGAHEMrn6aZgA,Lena
yKpde1fJH2onIArKUmx_IQ,Joseph
HFWzgGHkcyowUSRkJrMf_A,Andrew
QMeZrGPwIbQL8nKYOjhsrA,Claudia
3NvmvvKNUcigSkT5OlLM7A,Vince
pTCx_tNZ8P-CvkBariXasQ,Kris
AjcYVz9xp4MJ5LxeolQkNw,L.
rEa_CEpd4fbbwhCw5z3LBw,Brian
bVnPZeI77zZYtMeLrTQaIQ,Debra
1TIDqlO1Q0bmJrni8EJXSQ,Corey
2ivYtkXqCQeAfXEw33tEQQ,Sam
ffk63Mfiar0KoMgrCokVqQ,Joseph
nZViXVORQ8uSJY4kEzmcjQ,Jess
9OldY6XDiWJX6KLhGgo6Bw,Melisyy
V-c5nf88nxc2tdMDvQBy5g,Tinsley
O9TXTBbZwgHJhGdt9BhQ6A,Paul
gV8FthhicAOTMJnKSV63XQ,Jeff
osUnTtEAKrH7gkeXSRqaig,M-M
kIBpZjd01T1D3iON36HSSQ,Armando
Lf59sQ27t1HL0tiIgNInZA,Nathan
2FywH1DoTKMwXMRz1DPwPw,Kitana
hdeHN0k81jCS-J-XoJKW_w,Tim
kXTOG0w-xyDv9or11HO-CQ,Jessica
vuLaxanwjklmnRDKSqql2Q,Ria
nMtm0glrY-Jp28MPAqxAaQ,Val
JudEGM3yUpeTB3ex5YEojQ,Leah
gt5l3BwDDlXCdxUwJeh-nQ,Elan
WFkgsoSYx25QQRKQfpvGCg,Sylvain
dExGhkCBdTpcEB75Cg_Cig,Melissa
lqRu3dQ2O3ghlFTrq54sYQ,Zara
s6DpH7UE-fMhXiQHzD3K1Q,Lidia
SlVISL9mZcvj8ljp5EnJfw,Jennifer
wfQpJt6cVX6oktkLCze2jA,Jennifer
leAnil_G7_uBcLtz0WfgJQ,Taneisha
1c62FNZ7pFNleAQftG_C0g,Mike
DyKN93B13S4I2As2CdS2RA,Ophelia
qNSrUmf4RFsNqdMCeKI7Ow,Marshall
AlKvHPDnE7jIvcWix4Ce_w,Sandra
h8xB2s5u6fqCLYM5szNIgg,Cathy
vzr-pMYMJehB3nqtzbJ3bA,Anna
K0nGqinlojACyzpZlZnIxw,Tingting
0w6SADnIcM7-KtJD4JLepA,C
zZ9U1tujzFHGChIj5CuDNw,Queenn
thmBJcmekcK9Q5vl4rusLQ,Marilyn
G4pldo-BydSCGg_-6f9C9g,Kartik
BnWnD8zpYzRNqGA9wUiZdA,Daniel
CIwG3po9GGIk7R26edZ3xA,Kat
ODLqGojIJZ-M3Mpieag29g,Judy
tvX40EZ6jBLgZNNwcKOF7g,Matthew
y-tcfs5mEmPpmdoiFx1XFg,Chef Sandra
FsoA_HciMK9-23F_Idx_jA,Kamila
6ZYzX25uKWRQQNgwezwo6A,Daniel
fSPvk0Z_9eWm2kkUvhDJeg,Art
A1KW5YLXdhvLIYDhN76tGw,Sarah
-is2UKIVQ0hmHBa3RudV9A,Julie
1Bl53djrHMHiBv5ZAzlr1A,Kim
wEnNhKTWaIh_zlngQ7S-TQ,David Joshua
LdSvnzYjJc0Qq6xisoAmiA,Carlos
kgSpdl_xsqYNwWea0JpYHw,Vinny
cDP4v_TQ4NFmwloP5a3wug,Jeffrey
gADj69jTyJ4PjBM9JgmMyw,Janis
Bxuk7yuvCZSp-zg0_dCSxg,Leah
OKUs_ZvoDYkgg-bFRfmHCg,Emily
uEQ3nCdOBNOeJ0ow4Ds1vA,Steve
guwfsykYJ19-BWWn3EzP-w,Courtney
aPTxdV3iOlOPs9usJ1yE_w,Kait
NXGHE6Cbjpk5S6LNATdYzg,Cindy
C416RqFkejkCCsFLwHGj2w,Kimmey
ov5NSrwcL4e9qhX9ieI0Bw,Laura
o8tyaVE890sZr7QSalc0pg,Esther
_NG9dVb8YTNc4xjy8R6odw,Anomoly
bfPbenPM7Wk5KGRm8SEtBg,Alexandra
pUagQxJZV8MmyS8-wDIMlw,Sean
4UiBpX_xzPi2dAX82IXezw,Gabrielle
SQIfkwKkwH_iD-urr0Fiew,Jenna
XTK6y-7gNrxjU_PyPds5wQ,Nina
bnfiNF0jpL1glJGd1W0wvg,Denise
6nCLBQ3iJ-uPs2WPUnPAcQ,Shilo
SBEvMN7LKwdQMi3GyelQYg,Jon
WsaLokxYZepIgnpyac87VA,Jason
ibNpyNhasoDtJ9xUVMUFzA,James
5wZ4FZqLigwhSTGuEspefw,Daniel
OLfw94Ce5ZVp6z21D9vI4Q,Maré
WZUdg6WvG6gDKm5CHK5pzw,Tania
4UEb06NPzJqKJWYtmBHBhA,Noah
74Qwy0gxyD8sDf-TLvOBbw,Stephen
PV0U0arT_AUfjVBtrKfPSA,Richard
GpV7fg9-iadPX5HI5Qh89Q,George
SBATSqUJYhF4nwNJS2ikrg,jenn
QC1lJZ1HmW0ggKm-5dtVHg,Jasmine
Db2crIdEC370enbpgY4Zlg,Phil
sNBsp8dKRkwi_ZRpwQX60g,David
eFgauxNUbt9ZVtcnkM5yaw,Benjamin
MqM7VxykeH2VGex3myLFOQ,Donna
wqpFMPcKo6-8Id-mju3HmA,Vince
Um-SfzKnn3KRcvDRWbS8Dg,Sepehr
R2IomLf8WgtjEmAzZhYa-A,Vanessa
O4x9ltPiJxwfaVwNzYDgPQ,Matt
UysqgjSXPmX78B3vyMgqxA,Joanna
9Q1vzegrFrhxSSVUnyJc4g,Jay
zF4F20s3LFi_-bYnOTmwwA,Rick
6Lolatywf5Ve-L1TqYmvLg,Alyshia
tm_kxwbZHaq6Bfl8I_TcLA,paul
4yuUkAkeZHmTRvNH2Qpc0w,Mohammed
Pfn9tdU1snBVkpKxDy1Odw,Joy
pIzVI1vxQ8_P5VwP9ZLqCw,James
ZozeRlq1OuAl5uDg1cYIcA,David
tifEtPrUgGAnHRi03DRUlQ,Jessi
JcYdKrYen3ZOz56Vg3iLjA,A.
ZGmjA3NrrmcHVX3SoAWaZw,Jonathan
P_BsIX1h93u8lgiDXf-9CA,Andrew
IHhKyP-3DredQPDMnOazXA,Meaghan
RmMUQHxlr1mOcL0BM6ORwg,Nicolas
0Jxvm6vGiiEvfOcAA3Mk3A,Bryan
lOj4aC_jOZUy50OxqVPwFw,Alan
kwHAVri3eudOV3rrAhZTxA,Erin
bZDnJY0ToZMGx6sd7K1F_Q,Gabrielle
Hmx8TNO3Dsq2GGScqLS1bA,Richard
IicBAhuZxFHxLIP-5qiSCA,Sian
GQGLaaffQL7fmqFnZe_GQA,Kathrin
0OupmnUHBqWc0wOJg76J1Q,Scott
_7fXfeHDzp3EOW8-kzUL6g,Mary-Juen
7JPca3EB6gJ_eDKC-3Ehkw,Shannon
UQb7UbjuNRwL1bCJKl7sEA,Boris
pOIRRUPezHeLmQrVFlzDDg,Victoria
Hn21Q92tHuA-6Niz35UZXw,Lori
mIo8ojzyMrAnq_mxjmisfw,Ifeoma
aBiyPYz9HE6CSz2YqfudcA,Thomas
Taf4v2ZmH2UukuQhZuKvIQ,Eric
tFWmPlHc1z0Maq4RWL8sDg,Bill
n6_7aH5AHlAODr6mZ0lRyA,Diane
SUz5VOeZCovxWQhnSxib2w,Jie
Wrqn5-gDabA2BJhJy87csg,Eryn
Xx5fGlhBcYNO02VKv_qJ2Q,Dee
vaUMqNMd_QtJHbs89o7dmA,Chris
3fLXys0GUqZjF8ChzGliSQ,TheVeggies
vFmwz73JJVR9S451t4g9qQ,Ana
2R8wQ7JvDjwT1lMVWVEdxw,Nils
Ot3pZSB9DdWmQpbi0DSFhw,CE
fSrjS8zHddeFGcuTp0a3Hw,Sarah
xe97D4an3F0KYjdf0QI0Dw,Sparky
2Ar0ZezNC_pk9GHr7fsx2Q,Sarah
4rCxhWOWHF05dwhYIL9SYw,El
ZY6sK9n9d40tTwLfa2s66w,Marcel
CRDzo_B8b-jztUa8yDqcXA,Monica
v31w9g9wf6wyG__-lOsUfw,Marc
JAmxtERE0z7AMFJ8UIkKjA,Alex
b7kWP5vOctTGtTaqbpUemA,Melodie
xYFHd-QrTj3A22wJsT6OCg,Jazz
mF6AsomFJOYXoCbEdMZE0A,Jacques
MmkcwsKamazGqYhgMWvBNA,Sara
h5SdcG89oimSDaBbERg3MQ,Sherri
B3hW460-AHikKgfxoc3KKw,Camille
FNu-N5gs0jBXbPeORI8RlA,Carolyn
DNI-bQKlmG8_qI1Ou03HIw,Komal
LpNijC4KWil2eSv2Sdo6Sg,Lapouet
faUFMQe6Q7tPx4A3JxDfpA,Stephen
AF96rgG5vAYC8SRKU3AHDg,Ann
W-Dl-2cio049XM26Q8HuqA,Nicolas
balrBCo_Y9_H7i_w3tdC1A,Greg
E1X2Ah0j1NDCvlw40EZm2Q,Wojtek
4nB3xLwTF6lQnnWJmVQC7w,Abraca
s6U-ERFSEHOgQhYQ9oxgWw,Michael
7F9gNmQKGEZZ891uAZ4IDw,Roger
dUO81xbm1zQCqG1UJpVLug,Jennifer
w9-MFxIORCIttQGyllxKyQ,Ian-Sebastien
nSTtFdTn_msKn1zpTbGgmw,Troy
T2RyZACHEdEgd6ZQTejv_A,Teri
xg_96kkO-lF9oCc1PzrQgA,Leo
E9-DCTW1a4Cl0MfGfocq4w,Julian
-cRpRWzaQjDYNIUdx76PiQ,K
DRxt228GYEkzoRFhGWdiig,Kristen
W52s1slej7wQJWNC15h_bw,Jennifer
9HC8ZvFj5VFMuPlCCHNwow,Laura
uecZhhWBEQ-qe7YeEtntLg,John
IryDYja2kFkQEYJ0Kw6GWw,S.
_H1mZU8T3TY_khvWwibXaw,Kat
tIC17kquryWRs_KyHEz8JQ,Chad
DbXrdIchmaeEp5ajsjog7g,Lucia
b_qTbNB2DZ71jRQ3Ikph6Q,Laura
VynB_BBYS_F6OaOVVKGt1g,Molly
52t23q47TwWIexL3X4lPiQ,Shelley
VXl5CIETMGXIaJVExVxPNw,Jessica
Od9RoT3qdf0ZPkJZOAiJ4A,Susan
KdZlltBnpXERUb6vxEdYKg,Frederick
Z1S31aUMCGrCTKtpkFfXhA,Theresa
Ud46ptyN5u0iKEMauUHY8w,Julien
H_Apjp7AcO4sXuW0ynEGhg,CC
ze0maaIfxxYGnoKvtF_YTQ,Q
RG-5GjxXd5VeGxjGtl3Vig,Jeff
Q0V2EAK1Xj--Xmjjkpdh9Q,Brad
jnOd_dtTaAw0ggD3oAyb-A,Jeremy
lYaYBLbktDkYw6Zgy3p_Ig,Monic
Pbf011IZ-KbfQs9VwVfBzQ,Angela
wm3VsuWmgGIUhOr7I2owog,Dora
RhKxw4kP1V3mlxJXtyEZXw,Nancy
lvOyh8H-oAltauebsvlt4w,Toni
88pixU2XBbBla1-sR9ACjw,Kryzak
HF8k3B7g7xk3wJZj3wK1Vg,Sherry
IcMBRRt0gMbDhi4I_hvgLA,Amanda
55e8VY-J0K026BofU8IozQ,Kristen
F58UclOWBpRtGjvvb27jvw,Mena
RKL9zjp7xprGHR5ue78xwA,Olivier
jehXjSEOVDkmlsXrwpKL9w,Jewel
haxmVAS6BoN853a6yx2y3A,Marycathry
sK0ZbjWSihdy-FlNCOlRLw,Michael
LphSyaTmdE9LP_s1x-0NFw,Julien
5DLeXZ3ghivbgacb7OVW2g,April
roVdEzdR0Ox1FKQ5qgwMVg,Shakeil
24FWXtLaPBCe0F7OfW2Kow,Laura
Vje9AcZL9kPyFqgDvvISOQ,Amanda
wU2jIEy-v2EasBYgTfIdbw,Michelle
BifG-JPruCT-FEi1xHy_bQ,James
EXjjs-8a6iqzr16AnepFAQ,Hayley
YZ0PyON8v8PcunoA6H3kBg,Alexa
vX7hibM5opbV_8w10Q18Ag,Yu-Ching
kuCA070dzzoF1y1sKuH8JQ,Louis
zX7hvqAKAD_sCbg7TaIIIw,Calvin
aFi9UE5mbZX9VUr1dkzETw,Tim
stdqCbuhoJsUQKl44bxn2Q,Judy
qxGhFRq9XZhAQbmt6cOLzA,Lisa
gmqXlAyZxFc2w3cndc13dw,Amrita
KjApEcJZmBU2yo-MjuLTLw,Aaron
RrHpMoZHv6xb4RyR5T35dA,Lindsey
ojZ56Y7MaHfYtpK1oTwnJA,Dan
_PutE0_1mFBUGm939UV_NA,Robbie
Af6bR2cp_a06bB0dPkmOkw,Marc
KnKu1SPQTNvaMf9g4D_9Ow,Alejandra
hFIeYcOq7aXuM_UNnSx7fQ,Carolyn
T4Vb4u839YZVuT5vHausNA,Ruben
IJGQALx4pMF_kk5c3x8hqQ,Vaishnovi
rIffoB5w3jbdMLiLCKNL_Q,Robert
MIJ6XeneTBYa7LiRDlTs8Q,Chuu
z-X5xf1gJBlgEumUhqv3aw,Evan
QFUB1cTc3EGN8v13T7CtnA,Victoria
nu6b6GpbSMXeQeE-u4sf0A,Alan
hg3oFUDIyEehsgYDXYNqEg,Sonia
aehLkadQqOZ4-xX2d0g0aQ,Deasy
pejXy09k_nGQsj0R0gXPyQ,Fabien
TOtPdelxSLuMUdIiLgtp4Q,Leslie
kOrUNxiayo4hUgfJZ8Helw,Kevin
rvjEv-DiB9fAeW0JUpAbgA,George
NpHj5E2qkX9DS4jbXf-s6A,Alyssa
uA3R6aQ33sOBQyUod4MdGA,Mallory
EDhf9DnFoek69nEY72lPyQ,Aleena
AIgG2rbJHMdVFv6BO64TVQ,Lisa
E22V6wlHhVYFdQ_TeY_DKQ,Al
BtqUS-BZCWmtA3Rbpq6r6Q,Simone
gRRaQoC9TF_CiPABk3XOBw,Dan
3Gcb--Vsp1zG0CXU7xtZYw,Judy
6CbfxVLaQD9q_7HTeM-x4A,JOhanna
14RtuCACAEfVva23vvrv1w,Gavin
hcJRBNJcf9vfxMDTgdRkSw,Emily
ST-IJuGjEU1_Iyh2QdfpeA,Lylia
LXAmXKdSIDJibq_YejMM4w,Rianna
fuQQ_OwRt50LDrLl1530Ew,Julien
1QiwlaWTyBm0ijmZ11221g,Donald
p8UvRhYqhg0djH4HYyoc9A,Alyssa
RkQh-_1Hfth38wt0wJRoJA,Michael
L2lSnnyht3fB-ONcU2NaFw,Emory
zoA4G79atCGUpACqklty-Q,Karen
u7fT7qDPbj8nfZMS5ZiIdw,Patricia
9he2M-Zmsq2x56TLHFtuUA,Christine
1AFc52qfvEcAs1ei5XitYQ,Simon
eoxGoHtay3VwTpnRepsFzQ,Evan
ITYYCq0KYV3PIwHx-7WL_A,Susie
rmhcYlcVt4OmIDfHEF0HpQ,Chanelle
ETk-jcQbgVCNMGLsRCYATg,Maximilian
sHyX2ETuv7ubGcV8MI3IfA,Tom
2dn95dOjYiO3p3PZxURPDQ,Xantha
ACMqt4v66qlFh1ag8TtxLA,June
89pzKs31Wl2-bKY6U3AGmg,Sophie
E66x_C8wcrdwr5u16YBvFQ,Andrew
dm1p28SCGJ0z3cQcpy20GA,Fred
HJkoEOPASyzI8e1bsQRl6g,Melissa
SWiWJ01uvLNvC08zoof2FA,Kim
RO55qRu4TvHogzSOGERxKA,Anahita
SGU-7WrEX9LQ0hiWGbWLfw,Eric
qtfWl4609n5WYjWUTyWRyA,Barry
NsPUE-kvrBsoJXz9Pl6Z1w,Isaí
F4xjKVePMIzRlfeImBQHsg,Rafael
jcsfcCjyP9xzgR_DamsUFw,Sarah
-GLuTsb2ihY4OlSDw5lFrw,Christoph
a4gjUC7Haow0pf7dbakvGw,Nicole
bp5Sw_yB5k9TemD_OhaGHg,Axelle
CZccZMTqJgPoQxTBFxQ91A,Vivian
6WSAwFnuFYNQKoy4acGJww,E.
eaMYaERY3abw5kjLwnXHfw,Gina
ANwQJyWJBF_atfpBBLshaQ,Chris
tWbMe-1eZtGdoCXoia-fJA,Pablo
skCxyex69j-Atxlb2DvqMw,Philip
lZ6TWUyjEmWLWvIdiBCVSg,Alexandra
FitYZkIiHRk9Pz7WYrf4AQ,Chris
QUBKNw2IGU60Zx4m7N6tzg,Marc
0yoEamq-KuxfrYfTNe95BA,Crea
bo-H0PMpWW_EGn0H7TwjJA,E.
_wiyw4fWu59zjDDq7MB11Q,Qingyuan
zS5k8UumUtOXO3ZTWHijTg,Jenny
RwuVw04sh8yu08AFQKSDww,TYLER
-El08WpCw4A5kxrJ7lrHmA,Brian
lFk1-yVlMCDq9h23eQrcyw,Drew
vEfByor7SkYsk-Egh09F-g,Steve
D5XcP5iQp51MF3SW_ZfX9w,Saharea
ZEmaLJ0CMDqb4DobyZDMvg,Mark
7w2G0I2U_zV_UkAc3f6pEQ,Anthony
rh58MAnrykqCw0cCmDoAMg,Randy
06Gguh_3JC7q-ZOhe92ROg,SHARON
88UG99StS5MRnx4SCaoXVA,Keziah
peqZriWulIPKn38-FZXoxQ,R.
Gqcl-AUOB5pfv4b2hfVDkQ,Lara
BNSJ6dLbRsRB5yc-Zkn00w,Melanie
ivtnWYCzqvwUVt5WYCAdCQ,Susy
iu7RXfqSzGfoO-58hd6yXg,Susan
0BniaSbVER2kpxK1LBUknw,Ellen
68IfMTHZH8bXp9JQYz_QMg,Nora
X53MgIGVr7RdjqSh-VNr6A,S.
l3wBDIRB0B7nlVMInyohdg,Rosie
tnf2pAca5ixL0S8qInx18w,Ting
pJVwnwOzvViVSRHsxqQJjw,Randy
MQxmqXRq_VuIDcwmuVIgPQ,Nicole
7cpXEIjvCdjI_uG7QufHCQ,Peter
ht1s75X-Nzaj8pA9tFVCvw,Xin
Mj6MJvEYCfoV2H2XRbWQ_Q,Victoria
PWQKM6hyIvW3Hh5z8fssRQ,Olyvia
HqjMKuBah0isAJ4CBB73aA,Michael
LkQw66vxDazg7kMpsk1aIg,Chas
xIntNTewEdzBJff0wNPWrg,Carlie
ck2fWsZHCJRH7FvkpG3prQ,Jeffrey
jJZanvr5-dO1nWyFDJz1Kg,Alyssa
abrz3T4odmKp8ZdH8nUvFg,Megan
HsTEfv2QiJBI1VclnVsxnQ,Shannon
LM8DUtnuc-57Rn8tQPPwjw,Keri
CfLulYKEKfPclmbdt_YzVw,Joe
-NFiJu-wDyNaLxuczdDg4Q,Krystal
1oj3iR03QOq1Tcqg5OO_Vg,Aurora
PxJnjRuJrBmaDqKE-R-fMQ,Ashley
XFX4EK7xYjS6W-a0o0zqLg,Timothy
YYyQ7qPPU_TXmaQ7Q4u6nA,Greg
AM3SSYqgob97Q6MBw22Y-g,Shan
dRbyCLGcPtXZph8Cl5zXEg,Sophie
vnlr4GZ9BCB8t27eq-LZ3Q,Jenna
Uim0rZ35FuJP-sC17VACfA,Rhonda
YsnVq-tnmUoCjO5d47jFFw,Tracy
9X_-mL2CgMIz5BXj3heMBw,Marie
D1Mrl078m1CbctH8nqsshg,Claire
VzLerz-0Ba3-G_qw3zCiYA,Andrea
JxIHMxZ3OQLue_MCrxNw0Q,Laurel
6ZqmyxWoq0B7xqg6dlbbtg,Ronni
njDEUkpOrrmc66duSkaVng,Eric
sCX1B3wXzZjT1wy3vyktgA,Yashwanth
MaWklnJJpqheLP2ePAIQeg,Teresa
OKSn4mjZ7xVOh7pe-uDGaA,Monica
s-fKYMA-JUTSgRVuJdpywQ,Jay
CdRAT2M4U0gChhCu94IARg,Kenneth
ZXadVo4RajtjTkorwGC42A,Moonlan
zPaeFGQ_TtyHVGN88AfGLg,Robert
qq9T4WGZ7dIPGqS1jA9a3Q,David
GlhB2gBpVN0hGAa8sAup9A,Marybeth
KPGAea3ge5EGZGGkiovgeQ,Aris
EW57x_yE6gsy86nhJTRuPg,Raquel
vRFXZoPliF13BsfLbipjqA,Nisha
jNW6ilXeyCu1aYvcB03CqQ,Catherine
jykpFKe1UG3BBa1eI75dlg,Dorrie
2-5Ty9-lUW7IQyyEnp0Hcw,Gerry
VWoGc5dnvl2yR31lR07Rxw,Byungdo
qfMe7ku1ejCcBReCzbYGcQ,Johanna
0rKQ80I2nw_VDrbHXw6t1Q,Jenna
_5YIK-JoSf8dwW2K1XCkvA,Carmel
xzSz6QH-zl46dYISWEogFA,Pamela
67ApT4A3MWaNTxpG6m1r8w,Laura
PPXfrBJCQkc2KfrP5e6o5w,Amanda
fvGzY3GapUa3do3fefbVMg,Vera
CCJDnE1IqesiWzf1PPAGTg,Michael
PSNbprTFGBE84xZLAKFGTg,Lulu
IRk6pmalOn7fHXgTTcFjvg,Austin
ll4LNJOgESRe1OAz-khLyQ,Timothy
O23t_OwlPE8AWC-mH3CFww,Claire
cv1xkV09manKvs08nbLN-A,Robert
P21JaM2I_f3smudT-ipJPA,Kimberly
Qm0VaAEFdWiIrn63tPas2A,Lynn
yWvnZGvlKMip_QWIp8sB9w,Ruby
cDibgUfah5MzaCiofGMIGw,Diana
PuZJiOldILOyI7clUiwgWw,Brenda
DBYER6mByzmctGOt0bfkFQ,Mike
pRhBKFwm7jKy_G1pwWYfmQ,Cindy
_zNNZnzAZYx2u1xZLxWnjA,Ashleigh
QIAYd2t9Nnq0S4vD-zWNcg,Marco
18TbnUiuaO7qJES5B4JOzw,Ken
wOFHqwk508Oxn3Aug53pBg,Keaton
UTddDxLguMjMA1pOCgeWhA,P
JMAktCIiGtvhwmUDvZstEw,Dennis
vp4XZ6af2fSyUGK2fpBczg,Florian
c35Pf_lVp8LlWBRqtQJqDg,Jeff
vhLEh3glqJ9-RRT9VR1Tmg,Louis
wKVYRn7sHtQYbk3_S2-kRg,Chris
v0nLst5k8TOUhwFXZhUoUA,Jennifer
Bh244FMioJ70-XOPcZ4pmQ,George
CcxFuBuqO6qAgqHAmcW4_g,Sutanuka
VkECGYtW_5VAjIQFu5wx5w,Daniel
d2hotmPi1-Ee6p4P4yu4wQ,Kyle
XlIbzoFtJioMtKWWqtXKWA,Il
R_dWE8zgvT6YFKQcxKb-YQ,Carlita
INIZn6c-vPuTS2JnhwXYcg,Stephane
viJCnSjDyrWBmJlY_yASEg,Edwin
a1EB8JCP7V1UcjlkNg7HWg,Kathleen
jBPAGstSF_NDVoATYvXNAA,Dmitri
1u6zz0xpKrIyjL0hljR2_g,Alan
JioDny5J43jT_htsjW8BKA,Amy
PK_uJG5QjfL7dNzdbg4OPQ,G
QH6Z-yjUG1oHsZTIzjWMcg,Hang
Wj5lz_808Nzfu1X5eUn5MA,Scott
WNpl2hrBU_Ep8JgWHu0Ayw,Misha
j6Obpkoz_4oWyxAuUsM8vA,Kalena
sck44wZW844jqTzKhQOHug,Nehemie
49v8lBcU0k4rzDfUbnDQzg,Liliane
eCcawIMRS3ShFnkqb0W05w,R
eZZ8rU6wq9IRIaQj_7Hr9Q,T
HEOMmKylwNrPqDTYlYuGFw,Rick
et1ZZXdmCDQWGCeIeMQBLQ,Sad
eFW9iCEHQiGzATY_gRo9uA,J
qaWT5E3BX6YKHfrni1HD9w,Steve
HlzN1RZBamCssbF_SvVgjA,Andy
AF7HUYYtB3jovSdZrdqfig,asia
5EM7JlbNWw4jblBgQV1AfQ,Joe
JyHahe-ls4qauDm0To5Vag,Kevin
6RVbmq6q5TbhCvr9-4onHQ,Randy
PLx2Xn-MvOL2NSK2oOuOpA,Robert
qWci4iV6W9F1efl9fXsiVA,Meg
QsvBG-qbQ-jgXSfVp8R5SQ,Bunnie
v6qMW4cHhhEV-mfhdtNTbQ,ISkarann
wsT8ixKpghlsnTRsPA6RXg,Daniel
ADdZfjYwqQAFx28wXkbNZw,Chelsea
wOmQaom79yfS35EJH7CkGQ,Thy
8V8jkz6Ns0efDR-eUnxM6Q,Andres
yorKiu99VhiAHCGPAn-wxA,Jessi
xeYgHsUoGKUa58Ayj7ISqA,Anas
eCwX0F88blZutAUCKTUlAA,Kimberly
nU8JTKxz-oK-k-llXZWPZA,Latoja
wz_Fqp4ilv3H-cFjGeY4ng,D
UbbUs97kVDWDNTh59D85_Q,Laura
9PS9d3DzJk93eGNZQItmSw,Chris
kjOL_OQneDXEAUeOhMUvcw,Nasim
9VTnBgZHB-22c6OmLmEk-w,Michael
9KZpsJnp7kp7QesinQrUjA,Diana
sDEaKVCm36_3esWo1gu1Ww,April
977b5c3I56ZICVniE3BCyA,Shrikant
8uIEWpa0_du2rEvohvxN1g,Enzo
KOTGrktgJuwrYJ9oIKDyGg,Thamy
wM8ZY7-W0uBXk60AXJucuQ,L
6p2nYXTNlepwncHvMxACQQ,Valene
64LzEtOhF2eYbGCtE86tsg,Jiyoon
vfaiArUvZuFXv9aOxX--wA,Thaty
IcNZCLcESX62-44HsnurDA,Katrina
3SfGMna0vjvrpy-jMT38gQ,Adam
HOgwZIHBA_c5zsWTJB6r2Q,Sam
6IDVxxDxs0j1vaIYYtHplg,Naznaz
OTzAgRLafzhclnCVc2wuZA,Gordon
WnutazQRy8QoD0quFq6MfQ,Mary
tTaA9uk-xV-Cl6LxZ0-DFA,Fiona
ICGQ28nuTouYK3gkY9x0NA,Mihai
alo15oiFG4E1bEFTrb6G4A,Ori
MLt8ij1w1SR1R7UmdyUU6A,Marta
TxtVKk_9Ga6YVc3EPIVSHQ,Haz
xgBLmN1owLAOtoIK-OAuJg,Jason
BFQQ5JYCfhoc4ZVzoCL1jw,Khando
hywboQIFn4kmaAEXvUTBJA,Tim
5dCiti8ieP0QpdB3e03hLw,Stephanie
2Ctz8FfSioRhMy0vRi0K_g,Ibrahime
BylT38W-w-VpXZbR-IZQqg,Jim
efG0z9HSoYFRuR3oJoBRxA,Suzanne
zJW_GMeyHsBa9PQOjfacUw,Debra
eKsRMibLGNlWWG1Blg77WA,Audrey
4gBovwiJLKijLJq4-peRjg,Dominique
I0wjpE7x13V_BK4qRbm19Q,Laurieanne
5OjhTcVQ1NNUlBm9Fef-pg,Christian
gFkXq3CQvFbPTMUanFJG5w,Sophie
_C64bivRbIUpOgP69qvNyw,Juan Carlos
p6ahyv6b6cuEPApyYpXtlA,Jason
h_pWuc_XfoR2Ht29L5hlIQ,Marianne
I92M1nPIuY4KQxCO9NeGwA,Angie
avaju7aDyT8sxyQF0rC79w,Yasmine
Hop3lxxOg-hafA1lo0DUfg,Donald
3vmpOB2O_AWAhXRqf2kgow,Ryan
Ol6V3-kgp0-Og9LKaud9sg,Michael
75Xtdm65_xnFXbL3vKSRAA,Kayla
kLqTmw6pUoZ61HcjbTrmTA,Chris
FzziaaloswaPjrBbKGrI0w,Carrie
4zwopb7ofCqnqZE5WAG_CA,Becky
1SAg_Ugf0EBSDd0GVVhi8w,Trevor
QH9I1obR5dFf-PfAYB8f2w,John
RpTiJnFdp0PsW2_ZgpABig,Tara
F_q99_Tp-nAggytgMX9O4Q,Melvin
im5YFrUXBVxSYtkxTCSdbA,SaratogaAaron
intbf4y9gWbc8NJRymfVYQ,Lola
vG9sjEY7U6ee2BZrCs2MCA,Karen
_e-eyBuq6B2VVJheAqItXg,Tom
1kHsE_TnILUZLkyVFybLSA,W
661MFQ0yitb6K6j-ur7Nlg,Carol
qcHl1SOGgbuJn0i1l1fWSg,PETER J
kiBatsAUF-qKJdoOZkSuYQ,Cameryn
BczhFZoLcUG_oC9BcQHUbg,Michaela
1opsrVjl6m4IXf7Z7Ib2gw,Mark Fisher
b-xbzrwrqy31Sia1pajPxA,Ariana
dlvDPIYLCAyUHGtUhbJngQ,Jon
X45i6LSzlWL9cqNRRqKHhg,Joy
rJj8VvpQvn6qdpPKzauqrA,S.
9G_sADIxqlw7VasElCK_eg,Katherine
stWAQtb3PiVBjsOn_roL7Q,Zach
OClLMc1sEgtuUvDN5zQXxg,Jodi
VcveOBK2hOb2-gpZHjwtww,Bee
F9glLZz7TI2U9Y97fliX_A,Jackie
ecf4jpZh6VY_rUyyKtW6JQ,Ashley
5essxK53f6WjjtTXl9qpBA,Octavia
Wb5nSzyTaoS6OCEfOGVBvA,Suz
vPsATIRaGZUOzXLZ5UqhNA,Blakes
QwLJarsUVzakd2JInHSAhw,M
8Y2ZQqfR2dPzciLWwg6F_g,Vahan
AXTnFadSG9KQeuFExrNTUw,Kathleen
lsV0a661WYsOuHzbuwKmbQ,PJ
Gv1b16cKga_HQ9Cgs1xJ-A,Ms.
T-ci3jRz09lTOtO13qCBuQ,Laura
CARjhVSK0SGDKkDiXZc07Q,Shannon
kTXhOFG15PPZnwppM-vP4w,Nizora
pB-Cw-3Uu4CQLMQwKoPgpg,Albert
nRYoDygUVhyipUsDKmQTbA,Jessica
5b-7l5ERtz2P0bV2dHQxjg,Eddy
6lx4gWH02LAw923o0k8FCg,Polly
K9_9h3_Mp90NN0h1Klmf9w,Nancy
T4R7f55tGu_F7VmNjxEucA,John
O1iuRw2PH5sxqENbE7m4Bg,Jieqian
YOCixjIuF0hpIu7p5gXdVA,Andrew
1r4dMBX9nJJ0PTi2RcIZVQ,Brett
PYZzrCWFo5kubqtYgAC6ag,Aimee
8FDvj4dLNNF_6xWdGvqFgQ,Lily
LjVSiTyvInBrr21rxL1GBQ,Neal
Z6UZvxZDgDsFn-f54QDzpQ,Susan
wQ635cP5VEaEGimkcSedwQ,Shannon
Hrhn-fks4vBTT39M-n0akg,Judith
D2gjery9_AS4upAY7pv75g,Vincent
WPB8yGhBbwWWZwrORAdFJA,Haiku-Project
92_nAYdezMaehUs01Qwr7w,Lana
ayzuc0rCgXXpyd0nARzHwg,Alex
cstc2D1TmJQ9m8f8wZJBFg,Elena
cnwibyrgppG-AEH5Ju7Bvg,Misha
f-GDcPTY8-eaqIIaE8OTfg,B-Man
bMIcT5fbCtknlCeSoqjtPw,Lee
ytbvUdgVXpgEOWIt7HIFHA,Bruce
B1VeYJTxrF15aCAtASjixA,Claudia
YfsHWxuiusj1SGJHXzNzXw,Jason
gcxlDuNpB09REvAMAKsX5w,Michelle
O2wRqKDxpxP9bjtVJWlo3A,K
-XX8-dQv8g3di1aG2g1rAQ,Alicia
USSAze9NxGMSK4ZmVs7zeg,Lisa
cTpR0YY_WHaEDoWwARF9tg,Luis
9BDuoAlVgpriJdQrrexRWw,Aurooba
uTi-4N7ZyDoZaenSEC6KxQ,Clara
Okng6mFsTTTjfnHytg6wjw,Jackie
IhvT5J5i1SSkpJpYgvHSGg,Igor
gNz7fcPAqmHu6Kov01-O-Q,James
KGYVQ5DwN1KEkoZOmVnL5Q,Tanner
e4TwpAjX7vO5G2P168d-6w,Wenwen
l683preTG0GIk9XMaHAUNA,Niloofar
TgmrMPyffco_SHjmntOYtw,Aaron
KiQ4lhrQ3nygiINZkG62dw,Dan
nzbj3PUYlERVRn7C1FNBow,Eric
Hcoa2lNpnthvZqLrlLZBEg,Coline
grhsxNtVkm4nRiPPU0AVSw,mister
0PQLAfXPxxJ87b2ajJi4Iw,Yaz
UvSM45fAzgJp_edcEwaZWw,Joshua
7rtW3fT1AkD4Xdwhjx8XWg,Hannah
hSvOtGdEW8e3lC_YIp-LcQ,Andy
NkBuo3TZ489BzxHE1Nfmgg,Mindy
Ao1fWpdW5DhGBIIcu7nVKg,Matt
kWgw-pkV-HSP7K1vg9yvFg,Diana
YRpSeeHw2znjWst7LBPrHA,Rich
VUTKNenrXgZit1k_ZVcJQQ,Meg
DntLZGoUXxMOMHgN0u3CUg,Monica
xV81JGNzu5EA18Y_yYMa6w,Malin
u2TQFNxf70OCk3heWxaa4g,Jean-François
L8rFfD4eVuXfBscswunr5w,hrbert
SrGeRCP2vSg3GXh1_ysYTA,Peter
-C3VwXaekwydiJWAth8Inw,Nicole
SXrDzW8PERUTUaJz_UzY-A,Helena
ZWw6YfVryUf62OwRFslTUw,Matthew
2aKdXLQX20PGpsqi9JsLVw,Pari
8ni3-z4Vn9J9qqv0HO3pvg,Chenfei
XUMv6SY9KQZ9MJ0gmMJs0A,Bill
37Urf4bNS55IUhvCj4uwtQ,Earl
RrueaTJ6SUHgmD5imVqp7w,Kho
ahPCUYw-oPWewVCMa2QcDw,Mike
OdWzVDCaOPlRlhDpae0xEQ,Anika
JV0ddUHPHHsB7GUs2RAH6g,Ll
ROLpP-MhKYwG1qatuzYnMA,D
ejk3YLHEPk9u4M5BmXzeNg,Beef
FV5kicZd2kh0Y90fO6i5gQ,A
yO7uyJbhaW9JV7WjLr8QYw,Christy
U7OcIYNvvWPqHVwZSIKdpg,Tanvir
wbVThjKyDbeomi4mO0sOFA,Todd
ZVFvQ4_qXyQ3DJpBK6uzBQ,Jeff
oy4IvG3EXIGxPUfg-75YUA,Victoria
HyGuZIfb_jwjXzMCerAJ4g,Ellie
mJwbp7_eg0J6e1KGYTVnDw,Kevin
FpfOSvyTtaos9m8tB1cO3A,Christina
xJAzDoRfwgA1pXisBTXTng,Holly
JPX475DBszy6QLDtke9S5Q,Maura
fYYPmlMOy2U0Vl03m2WGlA,Ced
mhhxx62w2bISY8_iw3k78g,Brett
jLCG0hZ1GSi0ueDdidPQlg,Ana
VC97ZH1pnuQREwJxG1taRw,Scott
Fub4xKExRbfmg2NVhPqWjw,Thomas
9MeTd5xheQtlhkzibyfXwA,Fatimah
S_qq4WiJgaxgmdclopDXvw,Bryson
krt5huQg0Ke0BNZKABDK5Q,Jeff
kiZ9wjtgwmNMOLq1I4IuUA,Niosha
J92qe-cFrUdxS441JalA4Q,Crissy
ddJb2rSACDCkfcHjdnBtQw,Elisa
cNFGtKR8CavnmGP7JS7URg,Ivana
TNp9St9kiZjQOHi1umttqA,Matt
ZILWY9g_wagehXtx9GzMDA,Jennifer
zvFMi0vcy-Rc9KmcCFlLEA,Briana
St5sFHzOM0ctIU1pfFMh1A,Miguel
ee47swPHMAUdZ557VOBEpA,Gabriel
VN1ZuBylzKw4RCHyAY1wiA,Vivian
pHpKdyQ2eJFIpsIw544MiA,Sophia
vJt7yL1btt9VvBzZX8cUhg,Hutch
87xXrdE_4csYT-YTMnMVWA,JJ
x5YszwbIl3gYvuJTwM7c0Q,Geoff
z7UYBfS6E4VgnJSLWgUurQ,Leigh
m2QwIN6Lo91do9guB-woOg,Patrick
_KnlbI8JwlZprsjN7KJGcQ,Bretta
vYO8z_f4aVjmxRpwCrMicA,Carl
v_93OfVyqq3zOn_-tsRSzA,Tyler
9Op4mKjGa0ieDUcNbuvs-Q,Steve
7rGyRf5gOVpQruYiPO-1Ng,Dheeman
3MQsxciz7ASf0Y4s6Gkv8g,Eoin
v42rTyTd3q-IH74IRxZ__A,David
MmSoHx0Eo0ZczFES53l9zw,Krista
LqK6RiJWOf7pfpcgU0eoCw,Sherry
YO-4qGvk57ytVYD4E8ChlQ,Mr
scfCHf6x9AUcKb2yXYcG6g,Matt
R3RAH8TqErTzqMgdDN9aXw,Barry
k7pXrI7mLNnG59y1OYKFTQ,Patrick
pMHrE3GC7xqs4cYHSsawQQ,Kelby
3qMRbKbezu5rPYJ6a2mEtg,Claude
rzWK6Rqvw8_xA5RoUHd3gA,Annie
yL926hqxYO5BgBFx31YvKA,T
LAjkKR5DPUqaGbS1p5LDOQ,Meghan
NxXrJFpkES6MzFzUGjIiGQ,C
5VlXa39042z-yoljYXu27A,Johni
m8nO7eqQZSe-RWUUZrS4uw,Fred
AqLuNLhPuzhGiUf7CbbcGg,Chris
D4m-n64sg2swgIf0Zg6WHg,Eric
Cxiyc3vxg2jBeSVHhFz6Wg,Crissela
qeW6TWoymrNCoDteDmuI2g,Victoria
wwzJf0zd9cMEl-Se-yZ_rA,Martin
sKD9uyVlGxaJXpWxOP2SUg,m
9Wd777p9uTHJmvzuCf8c4Q,Mahika
IgLCWlnYN86vgNr9-VsnuQ,Linda
Rb6zIg_LOovNrdr0U7WYRA,Meghan
Pl2dmmFEWqWV3-KvsYuayw,K
zApKbZhc3Y2tZCqIDaSSPA,Brittany
4QJkLpX5eH41NM5Hbgecrg,Albert
PXWgNUtkp1B_KWMfaaJmHg,Kimberly
Zw5pszY7TjJ2FV79BbaMJA,marc
pJAIurEo8XyYtDVNpNUVtg,Rob
S2dghykbTLxHLv29XOumZw,David
oQgfwJsJAjx9DUKggSlVEQ,Jaycee
VPTIP7COdCLZdHSl66ZX3A,Luke
QE9wEE4MD6m20nlYHW4AFA,Tazzaro
2du8UWngTa8anhmmYa-HdQ,Justin
44T_SOyfnqBCj8zx6mfa-A,Bob
TVhb4DLjcpzJ_ydU-YfIsg,Russell
vXmp8RDGBDxJFRlueMei7g,Nicole
eC21kWOR7ajb-jn4dMkgOg,Brock
vHk2_dbeWqTnL1sg_4OLqA,Sharleen
pg02c-ATWF3g7tY4WdPL_Q,Melissa
Njt36Exm6OTOTAP61d5Uig,Franco
AFgaTNtpoDO13A3Zt4Vphw,Rob
Hk_E4Jnp3hsMuGozyoQDBQ,Jocelyn
RV_XUmbj0Tb7p4BBtMQ2mw,Asif
UyeWPntJbCiivtpOkkuEcg,Mara
353SV5pZ_gkb9PTLmXVVyA,Vanessa
ulxRaEt9XoA2_qplZodvFg,Carol
LNUjBENGzo3Oe8vqljYb_Q,Fanny
lA9KLDUBxDsPTL58hHXlPQ,Charlene
Il6EI3rmQjI9p6BPt-OhRA,Karen
yfV32MOFhrvKkNowfegBLw,Javier
D2QJTUZp6-se0cs7EYmcWQ,Kim
mnzvRwIiFlDQT_xLrAADeg,Anastasia
7hlLidzqfoAyR8aHvu_xiA,Sylvain
fR3M3MtKarPZD0DZqGqMhw,Mina
1lEtYc8xcUt_r8n2WoYXKA,Pichus
wdI2C_7rI6xu2WDYfp9vYw,Angel
IK_JralxuefW5UO21plWQg,Brian
8fZCw_Ssts4ZnxvUVj4sdg,jake
VePZxUbHLKcs1Rs8UF4W_Q,Colin
C1DkRol0ZJkrnUynYcLoAA,Tiffany
ky8rFPYgNBZCtPlD-od9eA,Howard
KFJ938JLMqyE5JTI7D5tNw,Janet
OnrU2oOs5P_z233bZZK9EQ,DaLyyn
gHwLywfCT-lTIMdPPv1jkQ,Dave
lR9n8KTt8IzmjbH4B7-7rA,Tom
LjBAvkwrsH5SDcyL0pg8Tg,Steve
FnG-s2YQWLLbbMU3jELxRg,Camille
UAQkLAF8D-cHZizSZin0Nw,Mido
VoaNRP3SDkwUFj_N4ALdqA,Nicole
mhA-scJJBbad8LYi1SHaiA,Liat
ZddZbTehZuoJth7TNiE5vA,Leah
ZfN9YBytulx7wdf17hnTxA,Amandine
RFQ2Z1zZ2z85z89m_j0jXg,Oh
4IJFCJ1gyEZGZoY00MYXlw,Madeline
VskB-ddvXxSpOkjnNs5DrA,L
ZAWkgziqkWs29WhJ7HiRgw,Mark
iYn3XU1MA998g6QQSY_Lrg,Charlie
8Mg5n8kUeCofQFa37EmNiw,Josephine
IkB10gnyHk8tf85j59GWAw,Melissa
EoWVBtRYSBb6EsA71CTq3g,Linda
3WTBVpv9807sQzR0b-_BnQ,Daniel
lA1GpTAn8eJJXrWUa2D7DQ,D
D2_16NeralE4Tdjw9cToHQ,Jihan
En4LzJjcAmc3IX4Yf-FvzQ,Kerr
IGHmwV_vPsCJQUCdFar3pw,Jenifer
vXnv_93SJTK1e77g2CwO-g,Mouhammed
iZGth1YCJwN-D2vIqPWcYw,Geoff
Jov3BuUqmytq79H_RiOtPw,Sana
BABesE-pv2h9oEXXSy7XjA,Dave
Is6yWFz0wuqvRpx7zb5a1g,Mario
5fs8ZE8I4Epam3f-pgNkiA,Kimiaka
qYVbnGqFLo0NPsGzwmkv2g,Zita
oXAdMWknx3ps2xFMEO8MnA,Rachelle
WJasY8VhNbIuPXQ6eWsWoA,Cc
7VYGO0S2MTS4xLiaLes-_Q,Sharon
fIW2z1R9lR3tn8YnjTdTzg,Erica
EyjCu2OIaEVC1gEnpdJSbQ,Augustine
E24i9em5P9sKUZAtRaHwpQ,Kevin
Gf59Y9gAZPCXkbFjfwU3ew,Aaron
MJaPNkuYJL0AOIuA7qaHgQ,Sam
AWVDOyVgK9gpSs7OIrnnUA,Crystal
twJoj44dnRLig6up10zntA,Eugenio
DRr0CKXKai4yKnyvV7OgCQ,Benji
mKsK9RucmAIhnOSb3S70CA,Jeremy
r40oOrA-wlv2jp_eKhg59g,Jeremy
SNdy7KsTDkCgLL19b7Uumg,Michael
O-7y0Ep03Nu0JLo6xuJahw,Jenn
WSBYu6pr_careGSP97APgQ,Miranda
zvZ4S6NZpEF6zLWrSGOy3w,Judy
SuaSo2i3CzcRd3BEaQm7YA,Meghan
33vxk9eTFWcM4yWfyqw_KA,Brooke
bXyItmkAJr_zrf2SC4WTjA,Robert
cT2xDqWcFWlyp071WFyIMA,Varun
mADOdA77frBzP5OT-IaZMA,Mario
Zip7LARuOM-4N-2hvXygZg,Mike
_lwVab0qpW_ISJHiNU892Q,Erik
zOS4WDlkiLU1pddtFUBPhA,Vinicius
DGfWxhq5v_74p-f-wFvuhQ,Curtis
dMS2wyePPsJ55Xm78V62_g,Maria
YAfsYpTyb8FrUgESV61Cow,Jill
4PGtYE2Uq7S_sjR_2iukbA,CeCe
swsMPfMD4E2PTu0Pr8LwlQ,Jacob
izx8z-2AHlUKdZrWcRqFZQ,Kels
pD__dFQuypMFLNUibxY0oQ,Kevin
jKQ7bKQ0oLeg_26cqWDlow,Kelowé
TDhchiZiQuFu_mU34pA0ww,Holly
KeSIwK5L8rcBtxl_OO-uVA,Sara
kIg_NLZg_Z3t1BxmsFfpyA,Vanessa
m7uzBJ0yPXZkKllOEa0yDQ,Erin
pFsNWwM1UPTW-z8SguUA_w,Stephen
af_wcOBWx-EKYY1AqCj3Sg,Vivek
HrzGWmRwHZ1NS2BPShuAbA,Jasmine
XmeaR9g4CDKcIReJXgISwA,Oscar
sSY8HvYNFICXb9fdDLC7jA,Steph
FddycBG2OGVO6M4PhckFVA,Greg
s8GI1Yyqz6TbMkwaejHVhw,Donna
2wucmox9-J0uhS_LbReKjg,Nirav
0P2tOgdFpCS2Zk_vieLaQg,Dana
DIR-zHbjtLUKtUoflZn3EA,Jo
21CGs3dacs8OrOa561S8Tw,S
26N_HZ1NlZcLub__BH7Ecw,Steve
Xva70GBG-pKdAG6fr1Ytpw,Saqiba
cOgLx88zMnKGmaRTUS8iHg,Tamara
xoA9GVwwPLuYzhcyKML9DA,Andrea
Bc4hV4d7itnxX3DUhNeEsQ,Thomas
PwqaqR5PXAFWU01iDY1Mdw,Bailey
1GCkcAM4P0pLa4ntB9KAmw,Bobby
qBndnxpEdwlCcwGct8aQKg,Mikey
LSGpMfXySAomK9v5I2_e6Q,Brandy
YH9KASgyJt69xhP22E3uFQ,Virginia
DK3wX1znJf5xf9eZI7H8dA,Alex
TJnSfFZNPh2yz7sIqhWPhg,Korey
_TNqzgIWYmgdlEA2MqXTQA,Lizard
XdXl8P9gfrpT3Q-E4Raiig,Swami
jbjUTojR-GgbJoWMJd4W6w,Dan
tClwFXDK-T9Ue_2IwpbnBg,David
ZOpnys4tIjRx0rnNNHZ2Ag,Brandon
rXXPk4WSXsmJkm81j5PbMw,Gina
xMaMvh7UpqLn5T5PJKKG-w,Christina
ZtZoELdKOty7t4hkr098_A,Francois
6tpaaz8cZwgPW2MNlWeo_Q,San
CsyKgh3CHrdvY6Rdx6JGeA,Katelyn
-CrJmWa-RbLsC2tTJBxKZQ,Rinzin
zH6jKkSP1Sy20-gRcmprdw,Michael
pkezJOu7ZNT1zeSqIt32Dg,Pierre
Ol7Z6Ak8Y-7vFZsmKiEdRw,C.W
m0h1K2mjXYsG-Pjhjx2zjg,Denise
ZQ-IEk8-Eer6CUQ5QxoOww,Patrick
Wz2HbUDP3jCbLmxZIRE_1g,Javier
d-0VfnwQh7eWqkPVqvnSBA,Kathryn
IzuP-7SD1qGatQm__nbnWQ,CJ
Rbn-kKZWPxx-9DSgdREe1A,Deb
Xb0efePWImK310epUpnNAQ,brandie
O_BRwJogrBqGi9mfrF0Xsg,Shawn
7aZY24hn36HlEcKwdThOQA,Diana
s26K1kCdV8aOXSWzVjfa6A,Maryann
8JBNuUAvojqSfWfF-kNPCQ,Brad
TneEXk98j-L7L_fRoKARzw,Jason
Ap6hDeelMkaqaO0Jp0RmbA,Refresh Auto
MVwvI9me0GQ31FkjIwDx6g,Jason
5qxpW0Z5-xIs0161iv1Kqg,Esti
WLvSjxof9ZmnzotJo3SjdA,Jane
pwu9Gaf-K1edkxNr8FSLOg,D
Xfza0iFwJQEC8ECWpj-RqQ,Adylene
JKkqQWrmrqE_J_NVfDzmHw,Marti
O0qW-X3Y7eA2xic0I0xnFw,Edward
nzpp4ZGMz84iHilWpNk7zw,Anil
PLXMk93bH-EjpJre-rcbWw,kathleen
L-GYHQB4fPtC43d4pHxsqw,Maddie
OzcyIcEHdemNSUYwwjTuqw,Sean
oaWmCfL9Z4gYgQVowoxtIw,Will
_Bo366Mhx0T3qaI77BKpJg,Nik
uft7gIA8laZCKu0-U-Onkw,Rea
Xr46crdA9tOVEiAV_PzSoQ,Stephen
lvpmZqGKL8FWLf-Y8JJPLw,Carol
IeJFKAMyMxwUrhA485xNqg,Mike
uPpxIWlTefM9z-yNE1eePA,Bethany
HCP7FeGVYRY4LFtAsxA9fA,Wendy
R_i9WFDFp7Owg25dQgBuHQ,Durkinvest
sOYX9ylUOqHZ1TmJV9h02g,Brian
iQzbN_2HhSGI0pMU2WkunQ,Beverly
_AYDurOSFGHiKSDnGfiEGg,Barbara
kdmEklD1_WAPHiv_Tv_XwA,Gloria
qF9L6T65pBhtpm1Qmo-uQA,Steven
APM0_XAaCJks8bq_pMupgA,Jordan
8ySSDgfLDU6ONV2teATd5Q,PJ
QWwo0VhA8bjZuj5giGgbaw,Ade
0fImMoKuhkkGlR2y5Io3Vg,Virginia
iO-5vDAC9-KTC72kgk4arg,Garrison
